car,start,end
35,Ahaggo Museum,Jack's Magical Beans
35,Jack's Magical Beans,Gas Tech
35,Gas Tech,Gas Tech
35,Gas Tech,Gas Tech
35,Gas Tech,Gas Tech
35,Gas Tech,Gas Tech
35,Gas Tech,Gas Tech
35,Gas Tech,Gas Tech
35,Gas Tech,Gas Tech
35,Gas Tech,Gas Tech
35,Gas Tech,Gas Tech
35,Gas Tech,Gas Tech
35,Gas Tech,Gas Tech
35,Gas Tech,Gas Tech
35,Gas Tech,Gas Tech
35,Gas Tech,Gas Tech
35,Gas Tech,Gas Tech
35,Gas Tech,Gas Tech
35,Gas Tech,Gas Tech
35,Gas Tech,Gas Tech
35,Gas Tech,Gas Tech
35,Gas Tech,Gas Tech
35,Gas Tech,Gas Tech
35,Gas Tech,Gas Tech
35,Gas Tech,Gas Tech
35,Gas Tech,Gas Tech
35,Gas Tech,Gas Tech
35,Gas Tech,Gas Tech
35,Gas Tech,Gas Tech
35,Gas Tech,Gas Tech
35,Gas Tech,Gas Tech
35,Gas Tech,Gas Tech
35,Gas Tech,Gas Tech
35,Gas Tech,Gas Tech
35,Gas Tech,Gas Tech
35,Gas Tech,Gas Tech
35,Gas Tech,Gas Tech
35,Gas Tech,Gas Tech
35,Gas Tech,Gas Tech
35,Gas Tech,Gas Tech
35,Gas Tech,Gas Tech
35,Gas Tech,Gas Tech
35,Gas Tech,Gas Tech
35,Gas Tech,Gas Tech
35,Gas Tech,Gas Tech
35,Gas Tech,Gas Tech
35,Gas Tech,Gas Tech
35,Gas Tech,Gas Tech
35,Gas Tech,Gas Tech
35,Gas Tech,Gas Tech
35,Gas Tech,Gas Tech
35,Gas Tech,Gas Tech
35,Gas Tech,Gas Tech
35,Gas Tech,Gas Tech
35,Gas Tech,Gas Tech
35,Gas Tech,Gas Tech
35,Gas Tech,Gas Tech
35,Gas Tech,Gas Tech
35,Gas Tech,Gas Tech
35,Gas Tech,Gas Tech
35,Gas Tech,Gas Tech
35,Gas Tech,Gas Tech
35,Gas Tech,Gas Tech
35,Gas Tech,Gas Tech
35,Gas Tech,Gas Tech
35,Gas Tech,Gas Tech
35,Gas Tech,Gas Tech
35,Gas Tech,Gas Tech
35,Gas Tech,Gas Tech
35,Gas Tech,Gas Tech
35,Gas Tech,Gas Tech
35,Gas Tech,Gas Tech
35,Gas Tech,Gas Tech
35,Gas Tech,Gas Tech
35,Gas Tech,Gas Tech
35,Gas Tech,Gas Tech
35,Gas Tech,Gas Tech
35,Gas Tech,Gas Tech
35,Gas Tech,Gas Tech
35,Gas Tech,Gas Tech
35,Gas Tech,Gas Tech
35,Gas Tech,Gas Tech
35,Gas Tech,Gas Tech
35,Gas Tech,Gas Tech
35,Gas Tech,Gas Tech
35,Gas Tech,Gas Tech
35,Gas Tech,Gas Tech
35,Gas Tech,Gas Tech
4,Ahaggo Museum,Coffee Shack
4,Coffee Shack,Coffee Shack
4,Coffee Shack,Gas Tech
4,Gas Tech,Gas Tech
4,Gas Tech,Gas Tech
4,Gas Tech,Gas Tech
4,Gas Tech,Gas Tech
4,Gas Tech,Gas Tech
4,Gas Tech,Gas Tech
4,Gas Tech,Gas Tech
4,Gas Tech,Gas Tech
4,Gas Tech,Gas Tech
4,Gas Tech,Gas Tech
4,Gas Tech,Gas Tech
4,Gas Tech,Gas Tech
4,Gas Tech,Gas Tech
4,Gas Tech,Gas Tech
4,Gas Tech,Gas Tech
4,Gas Tech,Gas Tech
4,Gas Tech,Gas Tech
4,Gas Tech,Gas Tech
4,Gas Tech,Gas Tech
4,Gas Tech,Gas Tech
4,Gas Tech,Gas Tech
4,Gas Tech,Gas Tech
4,Gas Tech,Gas Tech
4,Gas Tech,Gas Tech
4,Gas Tech,Gas Tech
4,Gas Tech,Gas Tech
4,Gas Tech,Gas Tech
4,Gas Tech,Gas Tech
4,Gas Tech,Gas Tech
4,Gas Tech,Gas Tech
4,Gas Tech,Gas Tech
4,Gas Tech,Gas Tech
4,Gas Tech,Gas Tech
4,Gas Tech,Gas Tech
4,Gas Tech,Gas Tech
4,Gas Tech,Gas Tech
4,Gas Tech,Gas Tech
4,Gas Tech,Gas Tech
4,Gas Tech,Gas Tech
4,Gas Tech,Gas Tech
4,Gas Tech,Gas Tech
4,Gas Tech,Gas Tech
4,Gas Tech,Gas Tech
4,Gas Tech,Gas Tech
4,Gas Tech,Gas Tech
4,Gas Tech,Gas Tech
4,Gas Tech,Gas Tech
4,Gas Tech,Gas Tech
4,Gas Tech,Gas Tech
4,Gas Tech,Gas Tech
4,Gas Tech,Gas Tech
4,Gas Tech,Gas Tech
4,Gas Tech,Gas Tech
4,Gas Tech,Gas Tech
4,Gas Tech,Gas Tech
4,Gas Tech,Gas Tech
4,Gas Tech,Gas Tech
4,Gas Tech,Gas Tech
4,Gas Tech,Gas Tech
4,Gas Tech,Gas Tech
4,Gas Tech,Gas Tech
4,Gas Tech,Gas Tech
4,Gas Tech,Gas Tech
4,Gas Tech,Gas Tech
4,Gas Tech,Gas Tech
4,Gas Tech,Gas Tech
4,Gas Tech,Gas Tech
4,Gas Tech,Gas Tech
4,Gas Tech,Gas Tech
4,Gas Tech,Gas Tech
4,Gas Tech,Gas Tech
4,Gas Tech,Gas Tech
4,Gas Tech,Gas Tech
4,Gas Tech,Gas Tech
4,Gas Tech,Gas Tech
4,Gas Tech,Gas Tech
4,Gas Tech,Gas Tech
4,Gas Tech,Gas Tech
4,Gas Tech,Gas Tech
4,Gas Tech,Gas Tech
4,Gas Tech,Gas Tech
4,Gas Tech,Gas Tech
4,Gas Tech,Gas Tech
4,Gas Tech,Gas Tech
19,Bean There Done That,Bean There Done That
19,Bean There Done That,Gas Tech
19,Gas Tech,Gas Tech
19,Gas Tech,Gas Tech
19,Gas Tech,Gas Tech
19,Gas Tech,Gas Tech
19,Gas Tech,Gas Tech
19,Gas Tech,Gas Tech
19,Gas Tech,Gas Tech
19,Gas Tech,Gas Tech
19,Gas Tech,Gas Tech
19,Gas Tech,Gas Tech
19,Gas Tech,Gas Tech
19,Gas Tech,Gas Tech
19,Gas Tech,Gas Tech
19,Gas Tech,Gas Tech
19,Gas Tech,Gas Tech
19,Gas Tech,Gas Tech
19,Gas Tech,Gas Tech
19,Gas Tech,Gas Tech
19,Gas Tech,Gas Tech
19,Gas Tech,Gas Tech
19,Gas Tech,Gas Tech
19,Gas Tech,Gas Tech
19,Gas Tech,Gas Tech
19,Gas Tech,Gas Tech
19,Gas Tech,Gas Tech
19,Gas Tech,Gas Tech
19,Gas Tech,Gas Tech
19,Gas Tech,Gas Tech
19,Gas Tech,Gas Tech
19,Gas Tech,Gas Tech
19,Gas Tech,Gas Tech
19,Gas Tech,Gas Tech
19,Gas Tech,Gas Tech
19,Gas Tech,Gas Tech
19,Gas Tech,Gas Tech
19,Gas Tech,Gas Tech
19,Gas Tech,Gas Tech
19,Gas Tech,Gas Tech
19,Gas Tech,Gas Tech
19,Gas Tech,Gas Tech
19,Gas Tech,Gas Tech
19,Gas Tech,Gas Tech
19,Gas Tech,Gas Tech
19,Gas Tech,Gas Tech
19,Gas Tech,Gas Tech
19,Gas Tech,Gas Tech
19,Gas Tech,Gas Tech
19,Gas Tech,Gas Tech
19,Gas Tech,Gas Tech
19,Gas Tech,Gas Tech
19,Gas Tech,Gas Tech
19,Gas Tech,Gas Tech
19,Gas Tech,Gas Tech
19,Gas Tech,Gas Tech
19,Gas Tech,Gas Tech
19,Gas Tech,Gas Tech
19,Gas Tech,Gas Tech
19,Gas Tech,Gas Tech
19,Gas Tech,Gas Tech
19,Gas Tech,Gas Tech
19,Gas Tech,Gas Tech
19,Gas Tech,Gas Tech
19,Gas Tech,Gas Tech
19,Gas Tech,Gas Tech
19,Gas Tech,Gas Tech
19,Gas Tech,Gas Tech
19,Gas Tech,Gas Tech
19,Gas Tech,Gas Tech
19,Gas Tech,Gas Tech
19,Gas Tech,Gas Tech
19,Gas Tech,Gas Tech
19,Gas Tech,Gas Tech
19,Gas Tech,Gas Tech
19,Gas Tech,Gas Tech
19,Gas Tech,Gas Tech
19,Gas Tech,Gas Tech
19,Gas Tech,Gas Tech
19,Gas Tech,Gas Tech
19,Gas Tech,Gas Tech
19,Gas Tech,Gas Tech
19,Gas Tech,Gas Tech
10,Coffee Shack,Coffee Shack
10,Coffee Shack,Gas Tech
10,Gas Tech,Gas Tech
10,Gas Tech,Gas Tech
10,Gas Tech,Gas Tech
10,Gas Tech,Gas Tech
10,Gas Tech,Gas Tech
10,Gas Tech,Gas Tech
10,Gas Tech,Gas Tech
10,Gas Tech,Gas Tech
10,Gas Tech,Gas Tech
10,Gas Tech,Gas Tech
10,Gas Tech,Gas Tech
10,Gas Tech,Gas Tech
10,Gas Tech,Gas Tech
10,Gas Tech,Gas Tech
10,Gas Tech,Gas Tech
10,Gas Tech,Gas Tech
10,Gas Tech,Gas Tech
10,Gas Tech,Gas Tech
10,Gas Tech,Gas Tech
10,Gas Tech,Gas Tech
10,Gas Tech,Gas Tech
10,Gas Tech,Gas Tech
10,Gas Tech,Gas Tech
10,Gas Tech,Gas Tech
10,Gas Tech,Gas Tech
10,Gas Tech,Gas Tech
10,Gas Tech,Gas Tech
10,Gas Tech,Gas Tech
10,Gas Tech,Gas Tech
10,Gas Tech,Gas Tech
10,Gas Tech,Gas Tech
10,Gas Tech,Gas Tech
10,Gas Tech,Gas Tech
10,Gas Tech,Gas Tech
10,Gas Tech,Gas Tech
10,Gas Tech,Gas Tech
10,Gas Tech,Gas Tech
10,Gas Tech,Gas Tech
10,Gas Tech,Gas Tech
10,Gas Tech,Gas Tech
10,Gas Tech,Gas Tech
10,Gas Tech,Gas Tech
10,Gas Tech,Gas Tech
10,Gas Tech,Gas Tech
10,Gas Tech,Gas Tech
10,Gas Tech,Gas Tech
10,Gas Tech,Gas Tech
10,Gas Tech,Gas Tech
10,Gas Tech,Gas Tech
10,Gas Tech,Gas Tech
10,Gas Tech,Gas Tech
10,Gas Tech,Gas Tech
10,Gas Tech,Gas Tech
10,Gas Tech,Gas Tech
10,Gas Tech,Gas Tech
10,Gas Tech,Gas Tech
10,Gas Tech,Gas Tech
10,Gas Tech,Gas Tech
10,Gas Tech,Gas Tech
10,Gas Tech,Gas Tech
10,Gas Tech,Gas Tech
10,Gas Tech,Gas Tech
10,Gas Tech,Gas Tech
10,Gas Tech,Gas Tech
10,Gas Tech,Gas Tech
10,Gas Tech,Gas Tech
10,Gas Tech,Gas Tech
10,Gas Tech,Gas Tech
10,Gas Tech,Gas Tech
10,Gas Tech,Gas Tech
10,Gas Tech,Gas Tech
10,Gas Tech,Gas Tech
10,Gas Tech,Gas Tech
10,Gas Tech,Gas Tech
10,Gas Tech,Gas Tech
10,Gas Tech,Gas Tech
10,Gas Tech,Gas Tech
10,Gas Tech,Gas Tech
10,Gas Tech,Gas Tech
10,Gas Tech,Gas Tech
10,Gas Tech,Gas Tech
10,Gas Tech,Gas Tech
10,Gas Tech,Gas Tech
10,Gas Tech,Gas Tech
10,Gas Tech,Gas Tech
10,Gas Tech,Gas Tech
10,Gas Tech,Gas Tech
10,Gas Tech,Gas Tech
10,Gas Tech,Gas Tech
7,Coffee Shack,Coffee Shack
7,Coffee Shack,Gas Tech
7,Gas Tech,Gas Tech
7,Gas Tech,Gas Tech
7,Gas Tech,Gas Tech
7,Gas Tech,Gas Tech
7,Gas Tech,Gas Tech
7,Gas Tech,Gas Tech
7,Gas Tech,Gas Tech
7,Gas Tech,Gas Tech
7,Gas Tech,Gas Tech
7,Gas Tech,Gas Tech
7,Gas Tech,Gas Tech
7,Gas Tech,Gas Tech
7,Gas Tech,Gas Tech
7,Gas Tech,Gas Tech
7,Gas Tech,Gas Tech
7,Gas Tech,Gas Tech
7,Gas Tech,Gas Tech
7,Gas Tech,Gas Tech
7,Gas Tech,Gas Tech
7,Gas Tech,Gas Tech
7,Gas Tech,Gas Tech
7,Gas Tech,Gas Tech
7,Gas Tech,Gas Tech
7,Gas Tech,Gas Tech
7,Gas Tech,Gas Tech
7,Gas Tech,Gas Tech
7,Gas Tech,Gas Tech
7,Gas Tech,Gas Tech
7,Gas Tech,Gas Tech
7,Gas Tech,Gas Tech
7,Gas Tech,Gas Tech
7,Gas Tech,Gas Tech
7,Gas Tech,Gas Tech
7,Gas Tech,Gas Tech
7,Gas Tech,Gas Tech
7,Gas Tech,Gas Tech
7,Gas Tech,Gas Tech
7,Gas Tech,Gas Tech
7,Gas Tech,Gas Tech
7,Gas Tech,Gas Tech
7,Gas Tech,Gas Tech
7,Gas Tech,Gas Tech
7,Gas Tech,Gas Tech
7,Gas Tech,Gas Tech
7,Gas Tech,Gas Tech
7,Gas Tech,Gas Tech
7,Gas Tech,Gas Tech
7,Gas Tech,Gas Tech
7,Gas Tech,Gas Tech
7,Gas Tech,Gas Tech
7,Gas Tech,Gas Tech
7,Gas Tech,Gas Tech
7,Gas Tech,Gas Tech
7,Gas Tech,Gas Tech
7,Gas Tech,Gas Tech
7,Gas Tech,Gas Tech
7,Gas Tech,Gas Tech
7,Gas Tech,Gas Tech
7,Gas Tech,Gas Tech
7,Gas Tech,Gas Tech
7,Gas Tech,Gas Tech
7,Gas Tech,Gas Tech
7,Gas Tech,Gas Tech
7,Gas Tech,Gas Tech
7,Gas Tech,Gas Tech
7,Gas Tech,Gas Tech
7,Gas Tech,Gas Tech
7,Gas Tech,Gas Tech
7,Gas Tech,Gas Tech
7,Gas Tech,Gas Tech
7,Gas Tech,Gas Tech
7,Gas Tech,Gas Tech
7,Gas Tech,Gas Tech
7,Gas Tech,Gas Tech
7,Gas Tech,Gas Tech
7,Gas Tech,Gas Tech
7,Gas Tech,Gas Tech
7,Gas Tech,Gas Tech
7,Gas Tech,Gas Tech
7,Gas Tech,Gas Tech
11,Bean There Done That,Bean There Done That
11,Bean There Done That,Gas Tech
11,Gas Tech,Gas Tech
11,Gas Tech,Gas Tech
11,Gas Tech,Gas Tech
11,Gas Tech,Gas Tech
11,Gas Tech,Gas Tech
11,Gas Tech,Gas Tech
11,Gas Tech,Gas Tech
11,Gas Tech,Gas Tech
11,Gas Tech,Gas Tech
11,Gas Tech,Gas Tech
11,Gas Tech,Gas Tech
11,Gas Tech,Gas Tech
11,Gas Tech,Gas Tech
11,Gas Tech,Gas Tech
11,Gas Tech,Gas Tech
11,Gas Tech,Gas Tech
11,Gas Tech,Gas Tech
11,Gas Tech,Gas Tech
11,Gas Tech,Gas Tech
11,Gas Tech,Gas Tech
11,Gas Tech,Gas Tech
11,Gas Tech,Gas Tech
11,Gas Tech,Gas Tech
11,Gas Tech,Gas Tech
11,Gas Tech,Gas Tech
11,Gas Tech,Gas Tech
11,Gas Tech,Gas Tech
11,Gas Tech,Gas Tech
11,Gas Tech,Gas Tech
11,Gas Tech,Gas Tech
11,Gas Tech,Gas Tech
11,Gas Tech,Gas Tech
11,Gas Tech,Gas Tech
11,Gas Tech,Gas Tech
11,Gas Tech,Gas Tech
11,Gas Tech,Gas Tech
11,Gas Tech,Gas Tech
11,Gas Tech,Gas Tech
11,Gas Tech,Gas Tech
11,Gas Tech,Gas Tech
11,Gas Tech,Gas Tech
11,Gas Tech,Gas Tech
11,Gas Tech,Gas Tech
11,Gas Tech,Gas Tech
11,Gas Tech,Gas Tech
11,Gas Tech,Gas Tech
11,Gas Tech,Gas Tech
11,Gas Tech,Gas Tech
11,Gas Tech,Gas Tech
11,Gas Tech,Gas Tech
11,Gas Tech,Gas Tech
11,Gas Tech,Gas Tech
11,Gas Tech,Gas Tech
11,Gas Tech,Gas Tech
11,Gas Tech,Gas Tech
11,Gas Tech,Gas Tech
11,Gas Tech,Gas Tech
11,Gas Tech,Gas Tech
11,Gas Tech,Gas Tech
11,Gas Tech,Gas Tech
11,Gas Tech,Gas Tech
11,Gas Tech,Gas Tech
11,Gas Tech,Gas Tech
11,Gas Tech,Gas Tech
11,Gas Tech,Gas Tech
11,Gas Tech,Gas Tech
11,Gas Tech,Gas Tech
11,Gas Tech,Gas Tech
11,Gas Tech,Gas Tech
11,Gas Tech,Gas Tech
11,Gas Tech,Gas Tech
11,Gas Tech,Gas Tech
11,Gas Tech,Gas Tech
11,Gas Tech,Gas Tech
11,Gas Tech,Gas Tech
11,Gas Tech,Gas Tech
32,Ahaggo Museum,Jack's Magical Beans
32,Jack's Magical Beans,Gas Tech
32,Gas Tech,Gas Tech
32,Gas Tech,Gas Tech
32,Gas Tech,Gas Tech
32,Gas Tech,Gas Tech
32,Gas Tech,Gas Tech
32,Gas Tech,Gas Tech
32,Gas Tech,Gas Tech
32,Gas Tech,Gas Tech
32,Gas Tech,Gas Tech
32,Gas Tech,Gas Tech
32,Gas Tech,Gas Tech
32,Gas Tech,Gas Tech
32,Gas Tech,Gas Tech
32,Gas Tech,Gas Tech
32,Gas Tech,Gas Tech
32,Gas Tech,Gas Tech
32,Gas Tech,Gas Tech
32,Gas Tech,Gas Tech
32,Gas Tech,Gas Tech
32,Gas Tech,Gas Tech
32,Gas Tech,Gas Tech
32,Gas Tech,Gas Tech
32,Gas Tech,Gas Tech
32,Gas Tech,Gas Tech
32,Gas Tech,Gas Tech
32,Gas Tech,Gas Tech
32,Gas Tech,Gas Tech
32,Gas Tech,Gas Tech
32,Gas Tech,Gas Tech
32,Gas Tech,Gas Tech
32,Gas Tech,Gas Tech
32,Gas Tech,Gas Tech
32,Gas Tech,Gas Tech
32,Gas Tech,Gas Tech
32,Gas Tech,Gas Tech
32,Gas Tech,Gas Tech
32,Gas Tech,Gas Tech
32,Gas Tech,Gas Tech
32,Gas Tech,Gas Tech
32,Gas Tech,Gas Tech
32,Gas Tech,Gas Tech
32,Gas Tech,Gas Tech
32,Gas Tech,Gas Tech
32,Gas Tech,Gas Tech
32,Gas Tech,Gas Tech
32,Gas Tech,Gas Tech
32,Gas Tech,Gas Tech
32,Gas Tech,Gas Tech
32,Gas Tech,Gas Tech
32,Gas Tech,Gas Tech
32,Gas Tech,Gas Tech
32,Gas Tech,Gas Tech
32,Gas Tech,Gas Tech
32,Gas Tech,Gas Tech
32,Gas Tech,Gas Tech
32,Gas Tech,Gas Tech
32,Gas Tech,Gas Tech
32,Gas Tech,Gas Tech
32,Gas Tech,Gas Tech
32,Gas Tech,Gas Tech
32,Gas Tech,Gas Tech
32,Gas Tech,Gas Tech
32,Gas Tech,Gas Tech
32,Gas Tech,Gas Tech
32,Gas Tech,Gas Tech
32,Gas Tech,Gas Tech
32,Gas Tech,Gas Tech
32,Gas Tech,Gas Tech
32,Gas Tech,Gas Tech
32,Gas Tech,Gas Tech
32,Gas Tech,Gas Tech
32,Gas Tech,Gas Tech
32,Gas Tech,Gas Tech
32,Gas Tech,Gas Tech
32,Gas Tech,Gas Tech
32,Gas Tech,Gas Tech
32,Gas Tech,Gas Tech
32,Gas Tech,Gas Tech
32,Gas Tech,Gas Tech
32,Gas Tech,Gas Tech
32,Gas Tech,Gas Tech
34,Chostus Hotel,Brew've Been Served
34,Brew've Been Served,Gas Tech
34,Gas Tech,Gas Tech
34,Gas Tech,Gas Tech
34,Gas Tech,Gas Tech
34,Gas Tech,Gas Tech
34,Gas Tech,Gas Tech
34,Gas Tech,Gas Tech
34,Gas Tech,Gas Tech
34,Gas Tech,Gas Tech
34,Gas Tech,Gas Tech
34,Gas Tech,Gas Tech
34,Gas Tech,Gas Tech
34,Gas Tech,Gas Tech
34,Gas Tech,Gas Tech
34,Gas Tech,Gas Tech
34,Gas Tech,Gas Tech
34,Gas Tech,Gas Tech
34,Gas Tech,Gas Tech
34,Gas Tech,Gas Tech
34,Gas Tech,Gas Tech
34,Gas Tech,Gas Tech
34,Gas Tech,Gas Tech
34,Gas Tech,Gas Tech
34,Gas Tech,Gas Tech
34,Gas Tech,Gas Tech
34,Gas Tech,Gas Tech
34,Gas Tech,Gas Tech
34,Gas Tech,Gas Tech
34,Gas Tech,Gas Tech
34,Gas Tech,Gas Tech
34,Gas Tech,Gas Tech
34,Gas Tech,Gas Tech
34,Gas Tech,Gas Tech
34,Gas Tech,Gas Tech
34,Gas Tech,Gas Tech
34,Gas Tech,Gas Tech
34,Gas Tech,Gas Tech
34,Gas Tech,Gas Tech
34,Gas Tech,Gas Tech
34,Gas Tech,Gas Tech
34,Gas Tech,Gas Tech
34,Gas Tech,Gas Tech
34,Gas Tech,Gas Tech
34,Gas Tech,Gas Tech
34,Gas Tech,Gas Tech
34,Gas Tech,Gas Tech
34,Gas Tech,Gas Tech
34,Gas Tech,Gas Tech
34,Gas Tech,Gas Tech
34,Gas Tech,Gas Tech
34,Gas Tech,Gas Tech
34,Gas Tech,Gas Tech
34,Gas Tech,Gas Tech
34,Gas Tech,Gas Tech
34,Gas Tech,Gas Tech
34,Gas Tech,Gas Tech
34,Gas Tech,Gas Tech
34,Gas Tech,Gas Tech
34,Gas Tech,Gas Tech
34,Gas Tech,Gas Tech
34,Gas Tech,Gas Tech
34,Gas Tech,Gas Tech
34,Gas Tech,Gas Tech
34,Gas Tech,Gas Tech
34,Gas Tech,Gas Tech
34,Gas Tech,Gas Tech
34,Gas Tech,Gas Tech
34,Gas Tech,Gas Tech
34,Gas Tech,Gas Tech
34,Gas Tech,Gas Tech
34,Gas Tech,Gas Tech
34,Gas Tech,Gas Tech
34,Gas Tech,Gas Tech
34,Gas Tech,Gas Tech
34,Gas Tech,Gas Tech
17,Guy's Gyros,Brew've Been Served
17,Brew've Been Served,Gas Tech
17,Gas Tech,Gas Tech
17,Gas Tech,Gas Tech
17,Gas Tech,Gas Tech
17,Gas Tech,Gas Tech
17,Gas Tech,Gas Tech
17,Gas Tech,Gas Tech
17,Gas Tech,Gas Tech
17,Gas Tech,Gas Tech
17,Gas Tech,Gas Tech
17,Gas Tech,Gas Tech
17,Gas Tech,Gas Tech
17,Gas Tech,Gas Tech
17,Gas Tech,Gas Tech
17,Gas Tech,Gas Tech
17,Gas Tech,Gas Tech
17,Gas Tech,Gas Tech
17,Gas Tech,Gas Tech
17,Gas Tech,Gas Tech
17,Gas Tech,Gas Tech
17,Gas Tech,Gas Tech
17,Gas Tech,Gas Tech
17,Gas Tech,Gas Tech
17,Gas Tech,Gas Tech
17,Gas Tech,Gas Tech
17,Gas Tech,Gas Tech
17,Gas Tech,Gas Tech
17,Gas Tech,Gas Tech
17,Gas Tech,Gas Tech
17,Gas Tech,Gas Tech
17,Gas Tech,Gas Tech
17,Gas Tech,Gas Tech
17,Gas Tech,Gas Tech
17,Gas Tech,Gas Tech
17,Gas Tech,Gas Tech
17,Gas Tech,Gas Tech
17,Gas Tech,Gas Tech
17,Gas Tech,Gas Tech
17,Gas Tech,Gas Tech
17,Gas Tech,Gas Tech
17,Gas Tech,Gas Tech
17,Gas Tech,Gas Tech
17,Gas Tech,Gas Tech
17,Gas Tech,Gas Tech
17,Gas Tech,Gas Tech
17,Gas Tech,Gas Tech
17,Gas Tech,Gas Tech
17,Gas Tech,Gas Tech
17,Gas Tech,Gas Tech
17,Gas Tech,Gas Tech
17,Gas Tech,Gas Tech
17,Gas Tech,Gas Tech
17,Gas Tech,Gas Tech
17,Gas Tech,Gas Tech
17,Gas Tech,Gas Tech
17,Gas Tech,Gas Tech
17,Gas Tech,Gas Tech
17,Gas Tech,Gas Tech
17,Gas Tech,Gas Tech
17,Gas Tech,Gas Tech
17,Gas Tech,Gas Tech
17,Gas Tech,Gas Tech
17,Gas Tech,Gas Tech
17,Gas Tech,Gas Tech
17,Gas Tech,Gas Tech
17,Gas Tech,Gas Tech
17,Gas Tech,Gas Tech
17,Gas Tech,Gas Tech
17,Gas Tech,Gas Tech
17,Gas Tech,Gas Tech
17,Gas Tech,Gas Tech
17,Gas Tech,Gas Tech
17,Gas Tech,Gas Tech
17,Gas Tech,Gas Tech
17,Gas Tech,Gas Tech
17,Gas Tech,Gas Tech
17,Gas Tech,Gas Tech
17,Gas Tech,Gas Tech
12,Chostus Hotel,Hallowed Grounds
12,Hallowed Grounds,Gas Tech
12,Gas Tech,Gas Tech
12,Gas Tech,Gas Tech
12,Gas Tech,Gas Tech
12,Gas Tech,Gas Tech
12,Gas Tech,Gas Tech
12,Gas Tech,Gas Tech
12,Gas Tech,Gas Tech
12,Gas Tech,Gas Tech
12,Gas Tech,Gas Tech
12,Gas Tech,Gas Tech
12,Gas Tech,Gas Tech
12,Gas Tech,Gas Tech
12,Gas Tech,Gas Tech
12,Gas Tech,Gas Tech
12,Gas Tech,Gas Tech
12,Gas Tech,Gas Tech
12,Gas Tech,Gas Tech
12,Gas Tech,Gas Tech
12,Gas Tech,Gas Tech
12,Gas Tech,Gas Tech
12,Gas Tech,Gas Tech
12,Gas Tech,Gas Tech
12,Gas Tech,Gas Tech
12,Gas Tech,Gas Tech
12,Gas Tech,Gas Tech
12,Gas Tech,Gas Tech
12,Gas Tech,Gas Tech
12,Gas Tech,Gas Tech
12,Gas Tech,Gas Tech
12,Gas Tech,Gas Tech
12,Gas Tech,Gas Tech
12,Gas Tech,Gas Tech
12,Gas Tech,Gas Tech
12,Gas Tech,Gas Tech
12,Gas Tech,Gas Tech
12,Gas Tech,Gas Tech
12,Gas Tech,Gas Tech
12,Gas Tech,Gas Tech
12,Gas Tech,Gas Tech
12,Gas Tech,Gas Tech
12,Gas Tech,Gas Tech
12,Gas Tech,Gas Tech
12,Gas Tech,Gas Tech
12,Gas Tech,Gas Tech
12,Gas Tech,Gas Tech
12,Gas Tech,Gas Tech
12,Gas Tech,Gas Tech
12,Gas Tech,Gas Tech
12,Gas Tech,Gas Tech
12,Gas Tech,Gas Tech
12,Gas Tech,Gas Tech
12,Gas Tech,Gas Tech
12,Gas Tech,Gas Tech
12,Gas Tech,Gas Tech
12,Gas Tech,Gas Tech
12,Gas Tech,Gas Tech
12,Gas Tech,Gas Tech
12,Gas Tech,Gas Tech
12,Gas Tech,Gas Tech
12,Gas Tech,Gas Tech
12,Gas Tech,Gas Tech
12,Gas Tech,Gas Tech
12,Gas Tech,Gas Tech
12,Gas Tech,Gas Tech
12,Gas Tech,Gas Tech
12,Gas Tech,Gas Tech
12,Gas Tech,Gas Tech
12,Gas Tech,Gas Tech
12,Gas Tech,Gas Tech
12,Gas Tech,Gas Tech
12,Gas Tech,Gas Tech
12,Gas Tech,Gas Tech
18,Chostus Hotel,Hallowed Grounds
18,Hallowed Grounds,Gas Tech
18,Gas Tech,Gas Tech
18,Gas Tech,Gas Tech
18,Gas Tech,Gas Tech
18,Gas Tech,Gas Tech
18,Gas Tech,Gas Tech
18,Gas Tech,Gas Tech
18,Gas Tech,Gas Tech
18,Gas Tech,Gas Tech
18,Gas Tech,Gas Tech
18,Gas Tech,Gas Tech
18,Gas Tech,Gas Tech
18,Gas Tech,Gas Tech
18,Gas Tech,Gas Tech
18,Gas Tech,Gas Tech
18,Gas Tech,Gas Tech
18,Gas Tech,Gas Tech
18,Gas Tech,Gas Tech
18,Gas Tech,Gas Tech
18,Gas Tech,Gas Tech
18,Gas Tech,Gas Tech
18,Gas Tech,Gas Tech
18,Gas Tech,Gas Tech
18,Gas Tech,Gas Tech
18,Gas Tech,Gas Tech
18,Gas Tech,Gas Tech
18,Gas Tech,Gas Tech
18,Gas Tech,Gas Tech
18,Gas Tech,Gas Tech
18,Gas Tech,Gas Tech
18,Gas Tech,Gas Tech
18,Gas Tech,Gas Tech
18,Gas Tech,Gas Tech
18,Gas Tech,Gas Tech
18,Gas Tech,Gas Tech
18,Gas Tech,Gas Tech
18,Gas Tech,Gas Tech
18,Gas Tech,Gas Tech
18,Gas Tech,Gas Tech
18,Gas Tech,Gas Tech
18,Gas Tech,Gas Tech
18,Gas Tech,Gas Tech
18,Gas Tech,Gas Tech
18,Gas Tech,Gas Tech
18,Gas Tech,Gas Tech
18,Gas Tech,Gas Tech
18,Gas Tech,Gas Tech
18,Gas Tech,Gas Tech
18,Gas Tech,Gas Tech
18,Gas Tech,Gas Tech
18,Gas Tech,Gas Tech
18,Gas Tech,Gas Tech
18,Gas Tech,Gas Tech
18,Gas Tech,Gas Tech
18,Gas Tech,Gas Tech
18,Gas Tech,Gas Tech
18,Gas Tech,Gas Tech
18,Gas Tech,Gas Tech
18,Gas Tech,Gas Tech
18,Gas Tech,Gas Tech
18,Gas Tech,Gas Tech
18,Gas Tech,Gas Tech
18,Gas Tech,Gas Tech
18,Gas Tech,Gas Tech
18,Gas Tech,Gas Tech
18,Gas Tech,Gas Tech
18,Gas Tech,Gas Tech
18,Gas Tech,Gas Tech
18,Gas Tech,Gas Tech
18,Gas Tech,Gas Tech
18,Gas Tech,Gas Tech
18,Gas Tech,Gas Tech
18,Gas Tech,Gas Tech
18,Gas Tech,Gas Tech
18,Gas Tech,Gas Tech
18,Gas Tech,Gas Tech
20,Chostus Hotel,Brew've Been Served
20,Brew've Been Served,Gas Tech
20,Gas Tech,Gas Tech
20,Gas Tech,Gas Tech
20,Gas Tech,Gas Tech
20,Gas Tech,Gas Tech
20,Gas Tech,Gas Tech
20,Gas Tech,Gas Tech
20,Gas Tech,Gas Tech
20,Gas Tech,Gas Tech
20,Gas Tech,Gas Tech
20,Gas Tech,Gas Tech
20,Gas Tech,Gas Tech
20,Gas Tech,Gas Tech
20,Gas Tech,Gas Tech
20,Gas Tech,Gas Tech
20,Gas Tech,Gas Tech
20,Gas Tech,Gas Tech
20,Gas Tech,Gas Tech
20,Gas Tech,Gas Tech
20,Gas Tech,Gas Tech
20,Gas Tech,Gas Tech
20,Gas Tech,Gas Tech
20,Gas Tech,Gas Tech
20,Gas Tech,Gas Tech
20,Gas Tech,Gas Tech
20,Gas Tech,Gas Tech
20,Gas Tech,Gas Tech
20,Gas Tech,Gas Tech
20,Gas Tech,Gas Tech
20,Gas Tech,Gas Tech
20,Gas Tech,Gas Tech
20,Gas Tech,Gas Tech
20,Gas Tech,Gas Tech
20,Gas Tech,Gas Tech
20,Gas Tech,Gas Tech
20,Gas Tech,Gas Tech
20,Gas Tech,Gas Tech
20,Gas Tech,Gas Tech
20,Gas Tech,Gas Tech
20,Gas Tech,Gas Tech
20,Gas Tech,Gas Tech
20,Gas Tech,Gas Tech
20,Gas Tech,Gas Tech
20,Gas Tech,Gas Tech
20,Gas Tech,Gas Tech
20,Gas Tech,Gas Tech
20,Gas Tech,Gas Tech
20,Gas Tech,Gas Tech
20,Gas Tech,Gas Tech
20,Gas Tech,Gas Tech
20,Gas Tech,Gas Tech
20,Gas Tech,Gas Tech
20,Gas Tech,Gas Tech
20,Gas Tech,Gas Tech
20,Gas Tech,Gas Tech
20,Gas Tech,Gas Tech
20,Gas Tech,Gas Tech
20,Gas Tech,Gas Tech
20,Gas Tech,Gas Tech
20,Gas Tech,Gas Tech
20,Gas Tech,Gas Tech
20,Gas Tech,Gas Tech
20,Gas Tech,Gas Tech
20,Gas Tech,Gas Tech
20,Gas Tech,Gas Tech
20,Gas Tech,Gas Tech
20,Gas Tech,Gas Tech
20,Gas Tech,Gas Tech
20,Gas Tech,Gas Tech
20,Gas Tech,Gas Tech
20,Gas Tech,Gas Tech
20,Gas Tech,Gas Tech
20,Gas Tech,Gas Tech
16,Frydos Autosupply n' More,Katerina’s Café
16,Frydos Autosupply n' More,Gas Tech
16,Gas Tech,Gas Tech
16,Gas Tech,Gas Tech
16,Gas Tech,Gas Tech
16,Gas Tech,Gas Tech
16,Gas Tech,Gas Tech
16,Gas Tech,Gas Tech
16,Gas Tech,Gas Tech
16,Gas Tech,Gas Tech
16,Gas Tech,Gas Tech
16,Gas Tech,Gas Tech
16,Gas Tech,Gas Tech
16,Gas Tech,Gas Tech
16,Gas Tech,Gas Tech
16,Gas Tech,Gas Tech
16,Gas Tech,Gas Tech
16,Gas Tech,Gas Tech
16,Gas Tech,Gas Tech
16,Gas Tech,Gas Tech
16,Gas Tech,Gas Tech
16,Gas Tech,Gas Tech
16,Gas Tech,Gas Tech
16,Gas Tech,Gas Tech
16,Gas Tech,Gas Tech
16,Gas Tech,Gas Tech
16,Gas Tech,Gas Tech
16,Gas Tech,Gas Tech
16,Gas Tech,Gas Tech
16,Gas Tech,Gas Tech
16,Gas Tech,Gas Tech
16,Gas Tech,Gas Tech
16,Gas Tech,Gas Tech
16,Gas Tech,Gas Tech
16,Gas Tech,Gas Tech
16,Gas Tech,Gas Tech
16,Gas Tech,Gas Tech
16,Gas Tech,Gas Tech
16,Gas Tech,Gas Tech
16,Gas Tech,Gas Tech
16,Gas Tech,Gas Tech
16,Gas Tech,Gas Tech
16,Gas Tech,Gas Tech
16,Gas Tech,Gas Tech
16,Gas Tech,Gas Tech
16,Gas Tech,Gas Tech
16,Gas Tech,Gas Tech
16,Gas Tech,Gas Tech
16,Gas Tech,Gas Tech
16,Gas Tech,Gas Tech
16,Gas Tech,Gas Tech
16,Gas Tech,Gas Tech
16,Gas Tech,Gas Tech
16,Gas Tech,Gas Tech
16,Gas Tech,Gas Tech
16,Gas Tech,Gas Tech
16,Gas Tech,Gas Tech
16,Gas Tech,Gas Tech
16,Gas Tech,Gas Tech
16,Gas Tech,Gas Tech
16,Gas Tech,Gas Tech
16,Gas Tech,Gas Tech
16,Gas Tech,Gas Tech
16,Gas Tech,Gas Tech
16,Gas Tech,Gas Tech
16,Gas Tech,Gas Tech
16,Gas Tech,Gas Tech
16,Gas Tech,Gas Tech
16,Gas Tech,Gas Tech
16,Gas Tech,Gas Tech
16,Gas Tech,Gas Tech
16,Gas Tech,Gas Tech
16,Gas Tech,Gas Tech
16,Gas Tech,Gas Tech
16,Gas Tech,Gas Tech
16,Gas Tech,Gas Tech
16,Gas Tech,Gas Tech
16,Gas Tech,Gas Tech
16,Gas Tech,Gas Tech
16,Gas Tech,Gas Tech
16,Gas Tech,Gas Tech
16,Gas Tech,Gas Tech
16,Gas Tech,Gas Tech
16,Gas Tech,Gas Tech
16,Gas Tech,Gas Tech
16,Gas Tech,Gas Tech
16,Gas Tech,Gas Tech
16,Gas Tech,Gas Tech
16,Gas Tech,Gas Tech
6,Guy's Gyros,Coffee Cameleon
6,Coffee Cameleon,Gas Tech
6,Gas Tech,Gas Tech
6,Gas Tech,Gas Tech
6,Gas Tech,Gas Tech
6,Gas Tech,Gas Tech
6,Gas Tech,Gas Tech
6,Gas Tech,Gas Tech
6,Gas Tech,Gas Tech
6,Gas Tech,Gas Tech
6,Gas Tech,Gas Tech
6,Gas Tech,Gas Tech
6,Gas Tech,Gas Tech
6,Gas Tech,Gas Tech
6,Gas Tech,Gas Tech
6,Gas Tech,Gas Tech
6,Gas Tech,Gas Tech
6,Gas Tech,Gas Tech
6,Gas Tech,Gas Tech
6,Gas Tech,Gas Tech
6,Gas Tech,Gas Tech
6,Gas Tech,Gas Tech
6,Gas Tech,Gas Tech
6,Gas Tech,Gas Tech
6,Gas Tech,Gas Tech
6,Gas Tech,Gas Tech
6,Gas Tech,Gas Tech
6,Gas Tech,Gas Tech
6,Gas Tech,Gas Tech
6,Gas Tech,Gas Tech
6,Gas Tech,Gas Tech
6,Gas Tech,Gas Tech
6,Gas Tech,Gas Tech
6,Gas Tech,Gas Tech
6,Gas Tech,Gas Tech
6,Gas Tech,Gas Tech
6,Gas Tech,Gas Tech
6,Gas Tech,Gas Tech
6,Gas Tech,Gas Tech
6,Gas Tech,Gas Tech
6,Gas Tech,Gas Tech
6,Gas Tech,Gas Tech
6,Gas Tech,Gas Tech
6,Gas Tech,Gas Tech
6,Gas Tech,Gas Tech
6,Gas Tech,Gas Tech
6,Gas Tech,Gas Tech
6,Gas Tech,Gas Tech
6,Gas Tech,Gas Tech
6,Gas Tech,Gas Tech
6,Gas Tech,Gas Tech
6,Gas Tech,Gas Tech
6,Gas Tech,Gas Tech
6,Gas Tech,Gas Tech
6,Gas Tech,Gas Tech
6,Gas Tech,Gas Tech
6,Gas Tech,Gas Tech
6,Gas Tech,Gas Tech
6,Gas Tech,Gas Tech
6,Gas Tech,Gas Tech
6,Gas Tech,Gas Tech
6,Gas Tech,Gas Tech
6,Gas Tech,Gas Tech
6,Gas Tech,Gas Tech
6,Gas Tech,Gas Tech
6,Gas Tech,Gas Tech
6,Gas Tech,Gas Tech
6,Gas Tech,Gas Tech
6,Gas Tech,Gas Tech
6,Gas Tech,Gas Tech
6,Gas Tech,Gas Tech
6,Gas Tech,Gas Tech
6,Gas Tech,Gas Tech
6,Gas Tech,Gas Tech
6,Gas Tech,Gas Tech
6,Gas Tech,Gas Tech
6,Gas Tech,Gas Tech
3,Bean There Done That,Bean There Done That
3,Bean There Done That,Gas Tech
3,Gas Tech,Gas Tech
3,Gas Tech,Gas Tech
3,Gas Tech,Gas Tech
3,Gas Tech,Gas Tech
3,Gas Tech,Gas Tech
3,Gas Tech,Gas Tech
3,Gas Tech,Gas Tech
3,Gas Tech,Gas Tech
3,Gas Tech,Gas Tech
3,Gas Tech,Gas Tech
3,Gas Tech,Gas Tech
3,Gas Tech,Gas Tech
3,Gas Tech,Gas Tech
3,Gas Tech,Gas Tech
3,Gas Tech,Gas Tech
3,Gas Tech,Gas Tech
3,Gas Tech,Gas Tech
3,Gas Tech,Gas Tech
3,Gas Tech,Gas Tech
3,Gas Tech,Gas Tech
3,Gas Tech,Gas Tech
3,Gas Tech,Gas Tech
3,Gas Tech,Gas Tech
3,Gas Tech,Gas Tech
3,Gas Tech,Gas Tech
3,Gas Tech,Gas Tech
3,Gas Tech,Gas Tech
3,Gas Tech,Gas Tech
3,Gas Tech,Gas Tech
3,Gas Tech,Gas Tech
3,Gas Tech,Gas Tech
3,Gas Tech,Gas Tech
3,Gas Tech,Gas Tech
3,Gas Tech,Gas Tech
3,Gas Tech,Gas Tech
3,Gas Tech,Gas Tech
3,Gas Tech,Gas Tech
3,Gas Tech,Gas Tech
3,Gas Tech,Gas Tech
3,Gas Tech,Gas Tech
3,Gas Tech,Gas Tech
3,Gas Tech,Gas Tech
3,Gas Tech,Gas Tech
3,Gas Tech,Gas Tech
3,Gas Tech,Gas Tech
3,Gas Tech,Gas Tech
3,Gas Tech,Gas Tech
3,Gas Tech,Gas Tech
3,Gas Tech,Gas Tech
3,Gas Tech,Gas Tech
3,Gas Tech,Gas Tech
3,Gas Tech,Gas Tech
3,Gas Tech,Gas Tech
3,Gas Tech,Gas Tech
3,Gas Tech,Gas Tech
3,Gas Tech,Gas Tech
3,Gas Tech,Gas Tech
3,Gas Tech,Gas Tech
3,Gas Tech,Gas Tech
3,Gas Tech,Gas Tech
3,Gas Tech,Gas Tech
3,Gas Tech,Gas Tech
3,Gas Tech,Gas Tech
3,Gas Tech,Gas Tech
3,Gas Tech,Gas Tech
3,Gas Tech,Gas Tech
3,Gas Tech,Gas Tech
3,Gas Tech,Gas Tech
3,Gas Tech,Gas Tech
3,Gas Tech,Gas Tech
3,Gas Tech,Gas Tech
26,Ahaggo Museum,Hallowed Grounds
26,Hallowed Grounds,Gas Tech
26,Gas Tech,Gas Tech
26,Gas Tech,Gas Tech
26,Gas Tech,Gas Tech
26,Gas Tech,Gas Tech
26,Gas Tech,Gas Tech
26,Gas Tech,Gas Tech
26,Gas Tech,Gas Tech
26,Gas Tech,Gas Tech
26,Gas Tech,Gas Tech
26,Gas Tech,Gas Tech
26,Gas Tech,Gas Tech
26,Gas Tech,Gas Tech
26,Gas Tech,Gas Tech
26,Gas Tech,Gas Tech
26,Gas Tech,Gas Tech
26,Gas Tech,Gas Tech
26,Gas Tech,Gas Tech
26,Gas Tech,Gas Tech
26,Gas Tech,Gas Tech
26,Gas Tech,Gas Tech
26,Gas Tech,Gas Tech
26,Gas Tech,Gas Tech
26,Gas Tech,Gas Tech
26,Gas Tech,Gas Tech
26,Gas Tech,Gas Tech
26,Gas Tech,Gas Tech
26,Gas Tech,Gas Tech
26,Gas Tech,Gas Tech
26,Gas Tech,Gas Tech
26,Gas Tech,Gas Tech
26,Gas Tech,Gas Tech
26,Gas Tech,Gas Tech
26,Gas Tech,Gas Tech
26,Gas Tech,Gas Tech
26,Gas Tech,Gas Tech
26,Gas Tech,Gas Tech
26,Gas Tech,Gas Tech
26,Gas Tech,Gas Tech
26,Gas Tech,Gas Tech
26,Gas Tech,Gas Tech
26,Gas Tech,Gas Tech
26,Gas Tech,Gas Tech
26,Gas Tech,Gas Tech
26,Gas Tech,Gas Tech
26,Gas Tech,Gas Tech
26,Gas Tech,Gas Tech
26,Gas Tech,Gas Tech
26,Gas Tech,Gas Tech
26,Gas Tech,Gas Tech
26,Gas Tech,Gas Tech
26,Gas Tech,Gas Tech
26,Gas Tech,Gas Tech
26,Gas Tech,Gas Tech
26,Gas Tech,Gas Tech
26,Gas Tech,Gas Tech
26,Gas Tech,Gas Tech
26,Gas Tech,Gas Tech
26,Gas Tech,Gas Tech
26,Gas Tech,Gas Tech
26,Gas Tech,Gas Tech
26,Gas Tech,Gas Tech
26,Gas Tech,Gas Tech
26,Gas Tech,Gas Tech
26,Gas Tech,Gas Tech
26,Gas Tech,Gas Tech
26,Gas Tech,Gas Tech
26,Gas Tech,Gas Tech
26,Gas Tech,Gas Tech
26,Gas Tech,Gas Tech
26,Gas Tech,Gas Tech
26,Gas Tech,Gas Tech
26,Gas Tech,Gas Tech
26,Gas Tech,Gas Tech
26,Gas Tech,Gas Tech
26,Gas Tech,Gas Tech
26,Gas Tech,Gas Tech
26,Gas Tech,Gas Tech
26,Gas Tech,Gas Tech
26,Gas Tech,Gas Tech
26,Gas Tech,Gas Tech
1,Hallowed Grounds,Hallowed Grounds
1,Hallowed Grounds,Gas Tech
1,Gas Tech,Gas Tech
1,Gas Tech,Gas Tech
1,Gas Tech,Gas Tech
1,Gas Tech,Gas Tech
1,Gas Tech,Gas Tech
1,Gas Tech,Gas Tech
1,Gas Tech,Gas Tech
1,Gas Tech,Gas Tech
1,Gas Tech,Gas Tech
1,Gas Tech,Gas Tech
1,Gas Tech,Gas Tech
1,Gas Tech,Gas Tech
1,Gas Tech,Gas Tech
1,Gas Tech,Gas Tech
1,Gas Tech,Gas Tech
1,Gas Tech,Gas Tech
1,Gas Tech,Gas Tech
1,Gas Tech,Gas Tech
1,Gas Tech,Gas Tech
1,Gas Tech,Gas Tech
1,Gas Tech,Gas Tech
1,Gas Tech,Gas Tech
1,Gas Tech,Gas Tech
1,Gas Tech,Gas Tech
1,Gas Tech,Gas Tech
1,Gas Tech,Gas Tech
1,Gas Tech,Gas Tech
1,Gas Tech,Gas Tech
1,Gas Tech,Gas Tech
1,Gas Tech,Gas Tech
1,Gas Tech,Gas Tech
1,Gas Tech,Gas Tech
1,Gas Tech,Gas Tech
1,Gas Tech,Gas Tech
1,Gas Tech,Gas Tech
1,Gas Tech,Gas Tech
1,Gas Tech,Gas Tech
1,Gas Tech,Gas Tech
1,Gas Tech,Gas Tech
1,Gas Tech,Gas Tech
1,Gas Tech,Gas Tech
1,Gas Tech,Gas Tech
1,Gas Tech,Gas Tech
1,Gas Tech,Gas Tech
1,Gas Tech,Gas Tech
1,Gas Tech,Gas Tech
1,Gas Tech,Gas Tech
1,Gas Tech,Gas Tech
1,Gas Tech,Gas Tech
1,Gas Tech,Gas Tech
1,Gas Tech,Gas Tech
1,Gas Tech,Gas Tech
1,Gas Tech,Gas Tech
1,Gas Tech,Gas Tech
1,Gas Tech,Gas Tech
1,Gas Tech,Gas Tech
1,Gas Tech,Gas Tech
1,Gas Tech,Gas Tech
1,Gas Tech,Gas Tech
1,Gas Tech,Gas Tech
1,Gas Tech,Gas Tech
1,Gas Tech,Gas Tech
1,Gas Tech,Gas Tech
1,Gas Tech,Gas Tech
1,Gas Tech,Gas Tech
1,Gas Tech,Gas Tech
1,Gas Tech,Gas Tech
1,Gas Tech,Gas Tech
1,Gas Tech,Gas Tech
1,Gas Tech,Gas Tech
1,Gas Tech,Gas Tech
1,Gas Tech,Gas Tech
1,Gas Tech,Gas Tech
1,Gas Tech,Gas Tech
1,Gas Tech,Gas Tech
1,Gas Tech,Gas Tech
1,Gas Tech,Gas Tech
1,Gas Tech,Gas Tech
1,Gas Tech,Gas Tech
1,Gas Tech,Gas Tech
1,Gas Tech,Gas Tech
1,Gas Tech,Gas Tech
1,Gas Tech,Gas Tech
1,Gas Tech,Gas Tech
1,Gas Tech,Gas Tech
1,Gas Tech,Gas Tech
1,Gas Tech,Gas Tech
1,Gas Tech,Gas Tech
1,Gas Tech,Gas Tech
1,Gas Tech,Gas Tech
29,Guy's Gyros,Coffee Cameleon
29,Coffee Cameleon,Gas Tech
29,Gas Tech,Gas Tech
29,Gas Tech,Gas Tech
29,Gas Tech,Gas Tech
29,Gas Tech,Gas Tech
29,Gas Tech,Gas Tech
29,Gas Tech,Gas Tech
29,Gas Tech,Gas Tech
29,Gas Tech,Gas Tech
29,Gas Tech,Gas Tech
29,Gas Tech,Gas Tech
29,Gas Tech,Gas Tech
29,Gas Tech,Gas Tech
29,Gas Tech,Gas Tech
29,Gas Tech,Gas Tech
29,Gas Tech,Gas Tech
29,Gas Tech,Gas Tech
29,Gas Tech,Gas Tech
29,Gas Tech,Gas Tech
29,Gas Tech,Gas Tech
29,Gas Tech,Gas Tech
29,Gas Tech,Gas Tech
29,Gas Tech,Gas Tech
29,Gas Tech,Gas Tech
29,Gas Tech,Gas Tech
29,Gas Tech,Gas Tech
29,Gas Tech,Gas Tech
29,Gas Tech,Gas Tech
29,Gas Tech,Gas Tech
29,Gas Tech,Gas Tech
29,Gas Tech,Gas Tech
29,Gas Tech,Gas Tech
29,Gas Tech,Gas Tech
29,Gas Tech,Gas Tech
29,Gas Tech,Gas Tech
29,Gas Tech,Gas Tech
29,Gas Tech,Gas Tech
29,Gas Tech,Gas Tech
29,Gas Tech,Gas Tech
29,Gas Tech,Gas Tech
29,Gas Tech,Gas Tech
29,Gas Tech,Gas Tech
29,Gas Tech,Gas Tech
29,Gas Tech,Gas Tech
29,Gas Tech,Gas Tech
29,Gas Tech,Gas Tech
29,Gas Tech,Gas Tech
29,Gas Tech,Gas Tech
29,Gas Tech,Gas Tech
29,Gas Tech,Gas Tech
29,Gas Tech,Gas Tech
29,Gas Tech,Gas Tech
29,Gas Tech,Gas Tech
29,Gas Tech,Gas Tech
29,Gas Tech,Gas Tech
29,Gas Tech,Gas Tech
29,Gas Tech,Gas Tech
29,Gas Tech,Gas Tech
29,Gas Tech,Gas Tech
29,Gas Tech,Gas Tech
29,Gas Tech,Gas Tech
29,Gas Tech,Gas Tech
29,Gas Tech,Gas Tech
29,Gas Tech,Gas Tech
29,Gas Tech,Gas Tech
29,Gas Tech,Gas Tech
29,Gas Tech,Gas Tech
29,Gas Tech,Gas Tech
29,Gas Tech,Gas Tech
29,Gas Tech,Gas Tech
29,Gas Tech,Gas Tech
29,Gas Tech,Gas Tech
29,Gas Tech,Gas Tech
29,Gas Tech,Gas Tech
29,Gas Tech,Gas Tech
29,Gas Tech,Gas Tech
29,Gas Tech,Gas Tech
29,Gas Tech,Gas Tech
29,Gas Tech,Gas Tech
29,Gas Tech,Gas Tech
29,Gas Tech,Gas Tech
29,Gas Tech,Gas Tech
29,Gas Tech,Gas Tech
29,Gas Tech,Gas Tech
29,Gas Tech,Gas Tech
29,Gas Tech,Gas Tech
29,Gas Tech,Gas Tech
21,Frydos Autosupply n' More,Brew've Been Served
21,Frydos Autosupply n' More,Gas Tech
21,Gas Tech,Gas Tech
21,Gas Tech,Gas Tech
21,Gas Tech,Gas Tech
21,Gas Tech,Gas Tech
21,Gas Tech,Gas Tech
21,Gas Tech,Gas Tech
21,Gas Tech,Gas Tech
21,Gas Tech,Gas Tech
21,Gas Tech,Gas Tech
21,Gas Tech,Gas Tech
21,Gas Tech,Gas Tech
21,Gas Tech,Gas Tech
21,Gas Tech,Gas Tech
21,Gas Tech,Gas Tech
21,Gas Tech,Gas Tech
21,Gas Tech,Gas Tech
21,Gas Tech,Gas Tech
21,Gas Tech,Gas Tech
21,Gas Tech,Gas Tech
21,Gas Tech,Gas Tech
21,Gas Tech,Gas Tech
21,Gas Tech,Gas Tech
21,Gas Tech,Gas Tech
21,Gas Tech,Gas Tech
21,Gas Tech,Gas Tech
21,Gas Tech,Gas Tech
21,Gas Tech,Gas Tech
21,Gas Tech,Gas Tech
21,Gas Tech,Gas Tech
21,Gas Tech,Gas Tech
21,Gas Tech,Gas Tech
21,Gas Tech,Gas Tech
21,Gas Tech,Gas Tech
21,Gas Tech,Gas Tech
21,Gas Tech,Gas Tech
21,Gas Tech,Gas Tech
21,Gas Tech,Gas Tech
21,Gas Tech,Gas Tech
21,Gas Tech,Gas Tech
21,Gas Tech,Gas Tech
21,Gas Tech,Gas Tech
21,Gas Tech,Gas Tech
21,Gas Tech,Gas Tech
21,Gas Tech,Gas Tech
21,Gas Tech,Gas Tech
21,Gas Tech,Gas Tech
21,Gas Tech,Gas Tech
21,Gas Tech,Gas Tech
21,Gas Tech,Gas Tech
21,Gas Tech,Gas Tech
21,Gas Tech,Gas Tech
21,Gas Tech,Gas Tech
21,Gas Tech,Gas Tech
21,Gas Tech,Gas Tech
21,Gas Tech,Gas Tech
21,Gas Tech,Gas Tech
21,Gas Tech,Gas Tech
21,Gas Tech,Gas Tech
21,Gas Tech,Gas Tech
21,Gas Tech,Gas Tech
21,Gas Tech,Gas Tech
21,Gas Tech,Gas Tech
21,Gas Tech,Gas Tech
21,Gas Tech,Gas Tech
21,Gas Tech,Gas Tech
21,Gas Tech,Gas Tech
21,Gas Tech,Gas Tech
21,Gas Tech,Gas Tech
21,Gas Tech,Gas Tech
21,Gas Tech,Gas Tech
21,Gas Tech,Gas Tech
21,Gas Tech,Gas Tech
21,Gas Tech,Gas Tech
21,Gas Tech,Gas Tech
21,Gas Tech,Gas Tech
21,Gas Tech,Gas Tech
21,Gas Tech,Gas Tech
21,Gas Tech,Gas Tech
21,Gas Tech,Gas Tech
21,Gas Tech,Gas Tech
21,Gas Tech,Gas Tech
21,Gas Tech,Gas Tech
21,Gas Tech,Gas Tech
21,Gas Tech,Gas Tech
21,Gas Tech,Gas Tech
21,Gas Tech,Gas Tech
14,Chostus Hotel,Hallowed Grounds
14,Hallowed Grounds,Gas Tech
14,Gas Tech,Gas Tech
14,Gas Tech,Gas Tech
14,Gas Tech,Gas Tech
14,Gas Tech,Gas Tech
14,Gas Tech,Gas Tech
14,Gas Tech,Gas Tech
14,Gas Tech,Gas Tech
14,Gas Tech,Gas Tech
14,Gas Tech,Gas Tech
14,Gas Tech,Gas Tech
14,Gas Tech,Gas Tech
14,Gas Tech,Gas Tech
14,Gas Tech,Gas Tech
14,Gas Tech,Gas Tech
14,Gas Tech,Gas Tech
14,Gas Tech,Gas Tech
14,Gas Tech,Gas Tech
14,Gas Tech,Gas Tech
14,Gas Tech,Gas Tech
14,Gas Tech,Gas Tech
14,Gas Tech,Gas Tech
14,Gas Tech,Gas Tech
14,Gas Tech,Gas Tech
14,Gas Tech,Gas Tech
14,Gas Tech,Gas Tech
14,Gas Tech,Gas Tech
14,Gas Tech,Gas Tech
14,Gas Tech,Gas Tech
14,Gas Tech,Gas Tech
14,Gas Tech,Gas Tech
14,Gas Tech,Gas Tech
14,Gas Tech,Gas Tech
14,Gas Tech,Gas Tech
14,Gas Tech,Gas Tech
14,Gas Tech,Gas Tech
14,Gas Tech,Gas Tech
14,Gas Tech,Gas Tech
14,Gas Tech,Gas Tech
14,Gas Tech,Gas Tech
14,Gas Tech,Gas Tech
14,Gas Tech,Gas Tech
14,Gas Tech,Gas Tech
14,Gas Tech,Gas Tech
14,Gas Tech,Gas Tech
14,Gas Tech,Gas Tech
14,Gas Tech,Gas Tech
14,Gas Tech,Gas Tech
14,Gas Tech,Gas Tech
14,Gas Tech,Gas Tech
14,Gas Tech,Gas Tech
14,Gas Tech,Gas Tech
14,Gas Tech,Gas Tech
14,Gas Tech,Gas Tech
14,Gas Tech,Gas Tech
14,Gas Tech,Gas Tech
14,Gas Tech,Gas Tech
14,Gas Tech,Gas Tech
14,Gas Tech,Gas Tech
14,Gas Tech,Gas Tech
14,Gas Tech,Gas Tech
14,Gas Tech,Gas Tech
14,Gas Tech,Gas Tech
14,Gas Tech,Gas Tech
14,Gas Tech,Gas Tech
14,Gas Tech,Gas Tech
14,Gas Tech,Gas Tech
14,Gas Tech,Gas Tech
14,Gas Tech,Gas Tech
14,Gas Tech,Gas Tech
14,Gas Tech,Gas Tech
14,Gas Tech,Gas Tech
14,Gas Tech,Gas Tech
14,Gas Tech,Gas Tech
14,Gas Tech,Gas Tech
14,Gas Tech,Gas Tech
14,Gas Tech,Gas Tech
14,Gas Tech,Gas Tech
14,Gas Tech,Gas Tech
33,Guy's Gyros,Brew've Been Served
33,Brew've Been Served,Gas Tech
33,Gas Tech,Gas Tech
33,Gas Tech,Gas Tech
33,Gas Tech,Gas Tech
33,Gas Tech,Gas Tech
33,Gas Tech,Gas Tech
33,Gas Tech,Gas Tech
33,Gas Tech,Gas Tech
33,Gas Tech,Gas Tech
33,Gas Tech,Gas Tech
33,Gas Tech,Gas Tech
33,Gas Tech,Gas Tech
33,Gas Tech,Gas Tech
33,Gas Tech,Gas Tech
33,Gas Tech,Gas Tech
33,Gas Tech,Gas Tech
33,Gas Tech,Gas Tech
33,Gas Tech,Gas Tech
33,Gas Tech,Gas Tech
33,Gas Tech,Gas Tech
33,Gas Tech,Gas Tech
33,Gas Tech,Gas Tech
33,Gas Tech,Gas Tech
33,Gas Tech,Gas Tech
33,Gas Tech,Gas Tech
33,Gas Tech,Gas Tech
33,Gas Tech,Gas Tech
33,Gas Tech,Gas Tech
33,Gas Tech,Gas Tech
33,Gas Tech,Gas Tech
33,Gas Tech,Gas Tech
33,Gas Tech,Gas Tech
33,Gas Tech,Gas Tech
33,Gas Tech,Gas Tech
33,Gas Tech,Gas Tech
33,Gas Tech,Gas Tech
33,Gas Tech,Gas Tech
33,Gas Tech,Gas Tech
33,Gas Tech,Gas Tech
33,Gas Tech,Gas Tech
33,Gas Tech,Gas Tech
33,Gas Tech,Gas Tech
33,Gas Tech,Gas Tech
33,Gas Tech,Gas Tech
33,Gas Tech,Gas Tech
33,Gas Tech,Gas Tech
33,Gas Tech,Gas Tech
33,Gas Tech,Gas Tech
33,Gas Tech,Gas Tech
33,Gas Tech,Gas Tech
33,Gas Tech,Gas Tech
33,Gas Tech,Gas Tech
33,Gas Tech,Gas Tech
33,Gas Tech,Gas Tech
33,Gas Tech,Gas Tech
33,Gas Tech,Gas Tech
33,Gas Tech,Gas Tech
33,Gas Tech,Gas Tech
33,Gas Tech,Gas Tech
33,Gas Tech,Gas Tech
33,Gas Tech,Gas Tech
33,Gas Tech,Gas Tech
33,Gas Tech,Gas Tech
33,Gas Tech,Gas Tech
33,Gas Tech,Gas Tech
33,Gas Tech,Gas Tech
33,Gas Tech,Gas Tech
33,Gas Tech,Gas Tech
33,Gas Tech,Gas Tech
33,Gas Tech,Gas Tech
33,Gas Tech,Gas Tech
33,Gas Tech,Gas Tech
13,Frydos Autosupply n' More,Brew've Been Served
13,Frydos Autosupply n' More,Gas Tech
13,Gas Tech,Gas Tech
13,Gas Tech,Gas Tech
13,Gas Tech,Gas Tech
13,Gas Tech,Gas Tech
13,Gas Tech,Gas Tech
13,Gas Tech,Gas Tech
13,Gas Tech,Gas Tech
13,Gas Tech,Gas Tech
13,Gas Tech,Gas Tech
13,Gas Tech,Gas Tech
13,Gas Tech,Gas Tech
13,Gas Tech,Gas Tech
13,Gas Tech,Gas Tech
13,Gas Tech,Gas Tech
13,Gas Tech,Gas Tech
13,Gas Tech,Gas Tech
13,Gas Tech,Gas Tech
13,Gas Tech,Gas Tech
13,Gas Tech,Gas Tech
13,Gas Tech,Gas Tech
13,Gas Tech,Gas Tech
13,Gas Tech,Gas Tech
13,Gas Tech,Gas Tech
13,Gas Tech,Gas Tech
13,Gas Tech,Gas Tech
13,Gas Tech,Gas Tech
13,Gas Tech,Gas Tech
13,Gas Tech,Gas Tech
13,Gas Tech,Gas Tech
13,Gas Tech,Gas Tech
13,Gas Tech,Gas Tech
13,Gas Tech,Gas Tech
13,Gas Tech,Gas Tech
13,Gas Tech,Gas Tech
13,Gas Tech,Gas Tech
13,Gas Tech,Gas Tech
13,Gas Tech,Gas Tech
13,Gas Tech,Gas Tech
13,Gas Tech,Gas Tech
13,Gas Tech,Gas Tech
13,Gas Tech,Gas Tech
13,Gas Tech,Gas Tech
13,Gas Tech,Gas Tech
13,Gas Tech,Gas Tech
13,Gas Tech,Gas Tech
13,Gas Tech,Gas Tech
13,Gas Tech,Gas Tech
13,Gas Tech,Gas Tech
13,Gas Tech,Gas Tech
13,Gas Tech,Gas Tech
13,Gas Tech,Gas Tech
13,Gas Tech,Gas Tech
13,Gas Tech,Gas Tech
13,Gas Tech,Gas Tech
13,Gas Tech,Gas Tech
13,Gas Tech,Gas Tech
13,Gas Tech,Gas Tech
13,Gas Tech,Gas Tech
13,Gas Tech,Gas Tech
13,Gas Tech,Gas Tech
13,Gas Tech,Gas Tech
13,Gas Tech,Gas Tech
13,Gas Tech,Gas Tech
13,Gas Tech,Gas Tech
13,Gas Tech,Gas Tech
13,Gas Tech,Gas Tech
13,Gas Tech,Gas Tech
13,Gas Tech,Gas Tech
13,Gas Tech,Gas Tech
13,Gas Tech,Gas Tech
13,Gas Tech,Gas Tech
13,Gas Tech,Gas Tech
13,Gas Tech,Gas Tech
13,Gas Tech,Gas Tech
13,Gas Tech,Gas Tech
13,Gas Tech,Gas Tech
13,Gas Tech,Gas Tech
13,Gas Tech,Gas Tech
13,Gas Tech,Gas Tech
13,Gas Tech,Gas Tech
13,Gas Tech,Gas Tech
13,Gas Tech,Gas Tech
13,Gas Tech,Gas Tech
13,Gas Tech,Gas Tech
2,Bean There Done That,Bean There Done That
2,Bean There Done That,Gas Tech
2,Gas Tech,Gas Tech
2,Gas Tech,Gas Tech
2,Gas Tech,Gas Tech
2,Gas Tech,Gas Tech
2,Gas Tech,Gas Tech
2,Gas Tech,Gas Tech
2,Gas Tech,Gas Tech
2,Gas Tech,Gas Tech
2,Gas Tech,Gas Tech
2,Gas Tech,Gas Tech
2,Gas Tech,Gas Tech
2,Gas Tech,Gas Tech
2,Gas Tech,Gas Tech
2,Gas Tech,Gas Tech
2,Gas Tech,Gas Tech
2,Gas Tech,Gas Tech
2,Gas Tech,Gas Tech
2,Gas Tech,Gas Tech
2,Gas Tech,Gas Tech
2,Gas Tech,Gas Tech
2,Gas Tech,Gas Tech
2,Gas Tech,Gas Tech
2,Gas Tech,Gas Tech
2,Gas Tech,Gas Tech
2,Gas Tech,Gas Tech
2,Gas Tech,Gas Tech
2,Gas Tech,Gas Tech
2,Gas Tech,Gas Tech
2,Gas Tech,Gas Tech
2,Gas Tech,Gas Tech
2,Gas Tech,Gas Tech
2,Gas Tech,Gas Tech
2,Gas Tech,Gas Tech
2,Gas Tech,Gas Tech
2,Gas Tech,Gas Tech
2,Gas Tech,Gas Tech
2,Gas Tech,Gas Tech
2,Gas Tech,Gas Tech
2,Gas Tech,Gas Tech
2,Gas Tech,Gas Tech
2,Gas Tech,Gas Tech
2,Gas Tech,Gas Tech
2,Gas Tech,Gas Tech
2,Gas Tech,Gas Tech
2,Gas Tech,Gas Tech
2,Gas Tech,Gas Tech
2,Gas Tech,Gas Tech
2,Gas Tech,Gas Tech
2,Gas Tech,Gas Tech
2,Gas Tech,Gas Tech
2,Gas Tech,Gas Tech
2,Gas Tech,Gas Tech
2,Gas Tech,Gas Tech
2,Gas Tech,Gas Tech
2,Gas Tech,Gas Tech
2,Gas Tech,Gas Tech
2,Gas Tech,Gas Tech
2,Gas Tech,Gas Tech
2,Gas Tech,Gas Tech
2,Gas Tech,Gas Tech
2,Gas Tech,Gas Tech
2,Gas Tech,Gas Tech
2,Gas Tech,Gas Tech
2,Gas Tech,Gas Tech
2,Gas Tech,Gas Tech
2,Gas Tech,Gas Tech
2,Gas Tech,Gas Tech
2,Gas Tech,Gas Tech
2,Gas Tech,Gas Tech
2,Gas Tech,Gas Tech
2,Gas Tech,Gas Tech
2,Gas Tech,Gas Tech
2,Gas Tech,Gas Tech
2,Gas Tech,Gas Tech
27,Hallowed Grounds,Hallowed Grounds
27,Hallowed Grounds,Gas Tech
27,Gas Tech,Gas Tech
27,Gas Tech,Gas Tech
27,Gas Tech,Gas Tech
27,Gas Tech,Gas Tech
27,Gas Tech,Gas Tech
27,Gas Tech,Gas Tech
27,Gas Tech,Gas Tech
27,Gas Tech,Gas Tech
27,Gas Tech,Gas Tech
27,Gas Tech,Gas Tech
27,Gas Tech,Gas Tech
27,Gas Tech,Gas Tech
27,Gas Tech,Gas Tech
27,Gas Tech,Gas Tech
27,Gas Tech,Gas Tech
27,Gas Tech,Gas Tech
27,Gas Tech,Gas Tech
27,Gas Tech,Gas Tech
27,Gas Tech,Gas Tech
27,Gas Tech,Gas Tech
27,Gas Tech,Gas Tech
27,Gas Tech,Gas Tech
27,Gas Tech,Gas Tech
27,Gas Tech,Gas Tech
27,Gas Tech,Gas Tech
27,Gas Tech,Gas Tech
27,Gas Tech,Gas Tech
27,Gas Tech,Gas Tech
27,Gas Tech,Gas Tech
27,Gas Tech,Gas Tech
27,Gas Tech,Gas Tech
27,Gas Tech,Gas Tech
27,Gas Tech,Gas Tech
27,Gas Tech,Gas Tech
27,Gas Tech,Gas Tech
27,Gas Tech,Gas Tech
27,Gas Tech,Gas Tech
27,Gas Tech,Gas Tech
27,Gas Tech,Gas Tech
27,Gas Tech,Gas Tech
27,Gas Tech,Gas Tech
27,Gas Tech,Gas Tech
27,Gas Tech,Gas Tech
27,Gas Tech,Gas Tech
27,Gas Tech,Gas Tech
27,Gas Tech,Gas Tech
27,Gas Tech,Gas Tech
27,Gas Tech,Gas Tech
27,Gas Tech,Gas Tech
27,Gas Tech,Gas Tech
27,Gas Tech,Gas Tech
27,Gas Tech,Gas Tech
27,Gas Tech,Gas Tech
27,Gas Tech,Gas Tech
27,Gas Tech,Gas Tech
27,Gas Tech,Gas Tech
27,Gas Tech,Gas Tech
27,Gas Tech,Gas Tech
27,Gas Tech,Gas Tech
27,Gas Tech,Gas Tech
27,Gas Tech,Gas Tech
27,Gas Tech,Gas Tech
27,Gas Tech,Gas Tech
27,Gas Tech,Gas Tech
27,Gas Tech,Gas Tech
27,Gas Tech,Gas Tech
27,Gas Tech,Gas Tech
27,Gas Tech,Gas Tech
27,Gas Tech,Gas Tech
27,Gas Tech,Gas Tech
8,Hallowed Grounds,Hallowed Grounds
8,Hallowed Grounds,Gas Tech
8,Gas Tech,Gas Tech
8,Gas Tech,Gas Tech
8,Gas Tech,Gas Tech
8,Gas Tech,Gas Tech
8,Gas Tech,Gas Tech
8,Gas Tech,Gas Tech
8,Gas Tech,Gas Tech
8,Gas Tech,Gas Tech
8,Gas Tech,Gas Tech
8,Gas Tech,Gas Tech
8,Gas Tech,Gas Tech
8,Gas Tech,Gas Tech
8,Gas Tech,Gas Tech
8,Gas Tech,Gas Tech
8,Gas Tech,Gas Tech
8,Gas Tech,Gas Tech
8,Gas Tech,Gas Tech
8,Gas Tech,Gas Tech
8,Gas Tech,Gas Tech
8,Gas Tech,Gas Tech
8,Gas Tech,Gas Tech
8,Gas Tech,Gas Tech
8,Gas Tech,Gas Tech
8,Gas Tech,Gas Tech
8,Gas Tech,Gas Tech
8,Gas Tech,Gas Tech
8,Gas Tech,Gas Tech
8,Gas Tech,Gas Tech
8,Gas Tech,Gas Tech
8,Gas Tech,Gas Tech
8,Gas Tech,Gas Tech
8,Gas Tech,Gas Tech
8,Gas Tech,Gas Tech
8,Gas Tech,Gas Tech
8,Gas Tech,Gas Tech
8,Gas Tech,Gas Tech
8,Gas Tech,Gas Tech
8,Gas Tech,Gas Tech
8,Gas Tech,Gas Tech
8,Gas Tech,Gas Tech
8,Gas Tech,Gas Tech
8,Gas Tech,Gas Tech
8,Gas Tech,Gas Tech
8,Gas Tech,Gas Tech
8,Gas Tech,Gas Tech
8,Gas Tech,Gas Tech
8,Gas Tech,Gas Tech
8,Gas Tech,Gas Tech
8,Gas Tech,Gas Tech
8,Gas Tech,Gas Tech
8,Gas Tech,Gas Tech
8,Gas Tech,Gas Tech
8,Gas Tech,Gas Tech
8,Gas Tech,Gas Tech
8,Gas Tech,Gas Tech
8,Gas Tech,Gas Tech
8,Gas Tech,Gas Tech
8,Gas Tech,Gas Tech
8,Gas Tech,Gas Tech
8,Gas Tech,Gas Tech
8,Gas Tech,Gas Tech
8,Gas Tech,Gas Tech
8,Gas Tech,Gas Tech
8,Gas Tech,Gas Tech
8,Gas Tech,Gas Tech
8,Gas Tech,Gas Tech
8,Gas Tech,Gas Tech
8,Gas Tech,Gas Tech
8,Gas Tech,Gas Tech
8,Gas Tech,Gas Tech
8,Gas Tech,Gas Tech
8,Gas Tech,Gas Tech
8,Gas Tech,Gas Tech
8,Gas Tech,Gas Tech
8,Gas Tech,Gas Tech
8,Gas Tech,Gas Tech
8,Gas Tech,Gas Tech
24,Guy's Gyros,Brew've Been Served
24,Brew've Been Served,Gas Tech
24,Gas Tech,Gas Tech
24,Gas Tech,Gas Tech
24,Gas Tech,Gas Tech
24,Gas Tech,Gas Tech
24,Gas Tech,Gas Tech
24,Gas Tech,Gas Tech
24,Gas Tech,Gas Tech
24,Gas Tech,Gas Tech
24,Gas Tech,Gas Tech
24,Gas Tech,Gas Tech
24,Gas Tech,Gas Tech
24,Gas Tech,Gas Tech
24,Gas Tech,Gas Tech
24,Gas Tech,Gas Tech
24,Gas Tech,Gas Tech
24,Gas Tech,Gas Tech
24,Gas Tech,Gas Tech
24,Gas Tech,Gas Tech
24,Gas Tech,Gas Tech
24,Gas Tech,Gas Tech
24,Gas Tech,Gas Tech
24,Gas Tech,Gas Tech
24,Gas Tech,Gas Tech
24,Gas Tech,Gas Tech
24,Gas Tech,Gas Tech
24,Gas Tech,Gas Tech
24,Gas Tech,Gas Tech
24,Gas Tech,Gas Tech
24,Gas Tech,Gas Tech
24,Gas Tech,Gas Tech
24,Gas Tech,Gas Tech
24,Gas Tech,Gas Tech
24,Gas Tech,Gas Tech
24,Gas Tech,Gas Tech
24,Gas Tech,Gas Tech
24,Gas Tech,Gas Tech
24,Gas Tech,Gas Tech
24,Gas Tech,Gas Tech
24,Gas Tech,Gas Tech
24,Gas Tech,Gas Tech
24,Gas Tech,Gas Tech
24,Gas Tech,Gas Tech
24,Gas Tech,Gas Tech
24,Gas Tech,Gas Tech
24,Gas Tech,Gas Tech
24,Gas Tech,Gas Tech
24,Gas Tech,Gas Tech
24,Gas Tech,Gas Tech
24,Gas Tech,Gas Tech
24,Gas Tech,Gas Tech
24,Gas Tech,Gas Tech
24,Gas Tech,Gas Tech
24,Gas Tech,Gas Tech
24,Gas Tech,Gas Tech
24,Gas Tech,Gas Tech
24,Gas Tech,Gas Tech
24,Gas Tech,Gas Tech
24,Gas Tech,Gas Tech
24,Gas Tech,Gas Tech
24,Gas Tech,Gas Tech
24,Gas Tech,Gas Tech
24,Gas Tech,Gas Tech
24,Gas Tech,Gas Tech
24,Gas Tech,Gas Tech
24,Gas Tech,Gas Tech
24,Gas Tech,Gas Tech
24,Gas Tech,Gas Tech
24,Gas Tech,Gas Tech
24,Gas Tech,Gas Tech
24,Gas Tech,Gas Tech
24,Gas Tech,Gas Tech
24,Gas Tech,Gas Tech
24,Gas Tech,Gas Tech
24,Gas Tech,Gas Tech
24,Gas Tech,Gas Tech
24,Gas Tech,Gas Tech
24,Gas Tech,Gas Tech
24,Gas Tech,Gas Tech
24,Gas Tech,Gas Tech
24,Gas Tech,Gas Tech
24,Gas Tech,Gas Tech
24,Gas Tech,Gas Tech
24,Gas Tech,Gas Tech
24,Gas Tech,Gas Tech
24,Gas Tech,Gas Tech
24,Gas Tech,Gas Tech
24,Gas Tech,Gas Tech
24,Gas Tech,Gas Tech
24,Gas Tech,Gas Tech
24,Gas Tech,Gas Tech
24,Gas Tech,Gas Tech
24,Gas Tech,Gas Tech
23,Guy's Gyros,Brew've Been Served
23,Katerina’s Café,Gas Tech
23,Gas Tech,Gas Tech
23,Gas Tech,Gas Tech
23,Gas Tech,Gas Tech
23,Gas Tech,Gas Tech
23,Gas Tech,Gas Tech
23,Gas Tech,Gas Tech
23,Gas Tech,Gas Tech
23,Gas Tech,Gas Tech
23,Gas Tech,Gas Tech
23,Gas Tech,Gas Tech
23,Gas Tech,Gas Tech
23,Gas Tech,Gas Tech
23,Gas Tech,Gas Tech
23,Gas Tech,Gas Tech
23,Gas Tech,Gas Tech
23,Gas Tech,Gas Tech
23,Gas Tech,Gas Tech
23,Gas Tech,Gas Tech
23,Gas Tech,Gas Tech
23,Gas Tech,Gas Tech
23,Gas Tech,Gas Tech
23,Gas Tech,Gas Tech
23,Gas Tech,Gas Tech
23,Gas Tech,Gas Tech
23,Gas Tech,Gas Tech
23,Gas Tech,Gas Tech
23,Gas Tech,Gas Tech
23,Gas Tech,Gas Tech
23,Gas Tech,Gas Tech
23,Gas Tech,Gas Tech
23,Gas Tech,Gas Tech
23,Gas Tech,Gas Tech
23,Gas Tech,Gas Tech
23,Gas Tech,Gas Tech
23,Gas Tech,Gas Tech
23,Gas Tech,Gas Tech
23,Gas Tech,Gas Tech
23,Gas Tech,Gas Tech
23,Gas Tech,Gas Tech
23,Gas Tech,Gas Tech
23,Gas Tech,Gas Tech
23,Gas Tech,Gas Tech
23,Gas Tech,Gas Tech
23,Gas Tech,Gas Tech
23,Gas Tech,Gas Tech
23,Gas Tech,Gas Tech
23,Gas Tech,Gas Tech
23,Gas Tech,Gas Tech
23,Gas Tech,Gas Tech
23,Gas Tech,Gas Tech
23,Gas Tech,Gas Tech
23,Gas Tech,Gas Tech
23,Gas Tech,Gas Tech
23,Gas Tech,Gas Tech
23,Gas Tech,Gas Tech
23,Gas Tech,Gas Tech
23,Gas Tech,Gas Tech
23,Gas Tech,Gas Tech
23,Gas Tech,Gas Tech
23,Gas Tech,Gas Tech
23,Gas Tech,Gas Tech
23,Gas Tech,Gas Tech
23,Gas Tech,Gas Tech
23,Gas Tech,Gas Tech
23,Gas Tech,Gas Tech
23,Gas Tech,Gas Tech
23,Gas Tech,Gas Tech
23,Gas Tech,Gas Tech
23,Gas Tech,Gas Tech
23,Gas Tech,Gas Tech
23,Gas Tech,Gas Tech
23,Gas Tech,Gas Tech
23,Gas Tech,Gas Tech
23,Gas Tech,Gas Tech
23,Gas Tech,Gas Tech
23,Gas Tech,Gas Tech
23,Gas Tech,Gas Tech
23,Gas Tech,Gas Tech
23,Gas Tech,Gas Tech
23,Gas Tech,Gas Tech
25,Guy's Gyros,Gas Tech
25,Gas Tech,Gas Tech
25,Gas Tech,Gas Tech
25,Gas Tech,Gas Tech
25,Gas Tech,Gas Tech
25,Gas Tech,Gas Tech
25,Gas Tech,Gas Tech
25,Gas Tech,Gas Tech
25,Gas Tech,Gas Tech
25,Gas Tech,Gas Tech
25,Gas Tech,Gas Tech
25,Gas Tech,Gas Tech
25,Gas Tech,Gas Tech
25,Gas Tech,Gas Tech
25,Gas Tech,Gas Tech
25,Gas Tech,Gas Tech
25,Gas Tech,Gas Tech
25,Gas Tech,Gas Tech
25,Gas Tech,Gas Tech
25,Gas Tech,Gas Tech
25,Gas Tech,Gas Tech
25,Gas Tech,Gas Tech
25,Gas Tech,Gas Tech
25,Gas Tech,Gas Tech
25,Gas Tech,Gas Tech
25,Gas Tech,Gas Tech
25,Gas Tech,Gas Tech
25,Gas Tech,Gas Tech
25,Gas Tech,Gas Tech
25,Gas Tech,Gas Tech
25,Gas Tech,Gas Tech
25,Gas Tech,Gas Tech
25,Gas Tech,Gas Tech
25,Gas Tech,Gas Tech
25,Gas Tech,Gas Tech
25,Gas Tech,Gas Tech
25,Gas Tech,Gas Tech
25,Gas Tech,Gas Tech
25,Gas Tech,Gas Tech
25,Gas Tech,Gas Tech
25,Gas Tech,Gas Tech
25,Gas Tech,Gas Tech
25,Gas Tech,Gas Tech
25,Gas Tech,Gas Tech
25,Gas Tech,Gas Tech
25,Gas Tech,Gas Tech
25,Gas Tech,Gas Tech
25,Gas Tech,Gas Tech
25,Gas Tech,Gas Tech
25,Gas Tech,Gas Tech
25,Gas Tech,Gas Tech
25,Gas Tech,Gas Tech
25,Gas Tech,Gas Tech
25,Gas Tech,Gas Tech
25,Gas Tech,Gas Tech
25,Gas Tech,Gas Tech
25,Gas Tech,Gas Tech
25,Gas Tech,Gas Tech
25,Gas Tech,Gas Tech
25,Gas Tech,Gas Tech
25,Gas Tech,Gas Tech
25,Gas Tech,Gas Tech
25,Gas Tech,Gas Tech
25,Gas Tech,Gas Tech
25,Gas Tech,Gas Tech
25,Gas Tech,Gas Tech
25,Gas Tech,Gas Tech
25,Gas Tech,Gas Tech
25,Gas Tech,Gas Tech
25,Gas Tech,Gas Tech
25,Gas Tech,Gas Tech
25,Gas Tech,Gas Tech
25,Gas Tech,Gas Tech
25,Gas Tech,Gas Tech
25,Gas Tech,Gas Tech
25,Gas Tech,Gas Tech
25,Gas Tech,Gas Tech
25,Gas Tech,Gas Tech
25,Gas Tech,Gas Tech
25,Gas Tech,Gas Tech
25,Gas Tech,Gas Tech
30,Guy's Gyros,Brew've Been Served
30,Guy's Gyros,Gas Tech
30,Gas Tech,Gas Tech
30,Gas Tech,Gas Tech
30,Gas Tech,Gas Tech
30,Gas Tech,Gas Tech
30,Gas Tech,Gas Tech
30,Gas Tech,Gas Tech
30,Gas Tech,Gas Tech
30,Gas Tech,Gas Tech
30,Gas Tech,Gas Tech
30,Gas Tech,Gas Tech
30,Gas Tech,Gas Tech
30,Gas Tech,Gas Tech
30,Gas Tech,Gas Tech
30,Gas Tech,Gas Tech
30,Gas Tech,Gas Tech
30,Gas Tech,Gas Tech
30,Gas Tech,Gas Tech
30,Gas Tech,Gas Tech
30,Gas Tech,Gas Tech
30,Gas Tech,Gas Tech
30,Gas Tech,Gas Tech
30,Gas Tech,Gas Tech
30,Gas Tech,Gas Tech
30,Gas Tech,Gas Tech
30,Gas Tech,Gas Tech
30,Gas Tech,Gas Tech
30,Gas Tech,Gas Tech
30,Gas Tech,Gas Tech
30,Gas Tech,Gas Tech
30,Gas Tech,Gas Tech
30,Gas Tech,Gas Tech
30,Gas Tech,Gas Tech
30,Gas Tech,Gas Tech
30,Gas Tech,Gas Tech
30,Gas Tech,Gas Tech
30,Gas Tech,Gas Tech
30,Gas Tech,Gas Tech
30,Gas Tech,Gas Tech
30,Gas Tech,Gas Tech
30,Gas Tech,Gas Tech
30,Gas Tech,Gas Tech
30,Gas Tech,Gas Tech
30,Gas Tech,Gas Tech
30,Gas Tech,Gas Tech
30,Gas Tech,Gas Tech
30,Gas Tech,Gas Tech
30,Gas Tech,Gas Tech
30,Gas Tech,Gas Tech
30,Gas Tech,Gas Tech
30,Gas Tech,Gas Tech
30,Gas Tech,Gas Tech
30,Gas Tech,Gas Tech
30,Gas Tech,Gas Tech
30,Gas Tech,Gas Tech
30,Gas Tech,Gas Tech
30,Gas Tech,Gas Tech
30,Gas Tech,Gas Tech
30,Gas Tech,Gas Tech
30,Gas Tech,Gas Tech
30,Gas Tech,Gas Tech
30,Gas Tech,Gas Tech
30,Gas Tech,Gas Tech
30,Gas Tech,Gas Tech
30,Gas Tech,Gas Tech
30,Gas Tech,Gas Tech
30,Gas Tech,Gas Tech
30,Gas Tech,Gas Tech
30,Gas Tech,Gas Tech
30,Gas Tech,Gas Tech
30,Gas Tech,Gas Tech
30,Gas Tech,Gas Tech
30,Gas Tech,Gas Tech
30,Gas Tech,Gas Tech
30,Gas Tech,Gas Tech
30,Gas Tech,Gas Tech
30,Gas Tech,Gas Tech
30,Gas Tech,Gas Tech
30,Gas Tech,Gas Tech
30,Gas Tech,Gas Tech
30,Gas Tech,Gas Tech
30,Gas Tech,Gas Tech
30,Gas Tech,Gas Tech
30,Gas Tech,Gas Tech
30,Gas Tech,Gas Tech
30,Gas Tech,Gas Tech
30,Gas Tech,Gas Tech
30,Gas Tech,Gas Tech
30,Gas Tech,Gas Tech
30,Gas Tech,Gas Tech
15,Frydos Autosupply n' More,Brew've Been Served
15,Frydos Autosupply n' More,Gas Tech
15,Gas Tech,Gas Tech
15,Gas Tech,Gas Tech
15,Gas Tech,Gas Tech
15,Gas Tech,Gas Tech
15,Gas Tech,Gas Tech
15,Gas Tech,Gas Tech
15,Gas Tech,Gas Tech
15,Gas Tech,Gas Tech
15,Gas Tech,Gas Tech
15,Gas Tech,Gas Tech
15,Gas Tech,Gas Tech
15,Gas Tech,Gas Tech
15,Gas Tech,Gas Tech
15,Gas Tech,Gas Tech
15,Gas Tech,Gas Tech
15,Gas Tech,Gas Tech
15,Gas Tech,Gas Tech
15,Gas Tech,Gas Tech
15,Gas Tech,Gas Tech
15,Gas Tech,Gas Tech
15,Gas Tech,Gas Tech
15,Gas Tech,Gas Tech
15,Gas Tech,Gas Tech
15,Gas Tech,Gas Tech
15,Gas Tech,Gas Tech
15,Gas Tech,Gas Tech
15,Gas Tech,Gas Tech
15,Gas Tech,Gas Tech
15,Gas Tech,Gas Tech
15,Gas Tech,Gas Tech
15,Gas Tech,Gas Tech
15,Gas Tech,Gas Tech
15,Gas Tech,Gas Tech
15,Gas Tech,Gas Tech
15,Gas Tech,Gas Tech
15,Gas Tech,Gas Tech
15,Gas Tech,Gas Tech
15,Gas Tech,Gas Tech
15,Gas Tech,Gas Tech
15,Gas Tech,Gas Tech
15,Gas Tech,Gas Tech
15,Gas Tech,Gas Tech
15,Gas Tech,Gas Tech
15,Gas Tech,Gas Tech
15,Gas Tech,Gas Tech
15,Gas Tech,Gas Tech
15,Gas Tech,Gas Tech
15,Gas Tech,Gas Tech
15,Gas Tech,Gas Tech
15,Gas Tech,Gas Tech
15,Gas Tech,Gas Tech
15,Gas Tech,Gas Tech
15,Gas Tech,Gas Tech
15,Gas Tech,Gas Tech
15,Gas Tech,Gas Tech
15,Gas Tech,Gas Tech
15,Gas Tech,Gas Tech
15,Gas Tech,Gas Tech
15,Gas Tech,Gas Tech
15,Gas Tech,Gas Tech
15,Gas Tech,Gas Tech
15,Gas Tech,Gas Tech
15,Gas Tech,Gas Tech
15,Gas Tech,Gas Tech
15,Gas Tech,Gas Tech
15,Gas Tech,Gas Tech
15,Gas Tech,Gas Tech
15,Gas Tech,Gas Tech
15,Gas Tech,Gas Tech
15,Gas Tech,Gas Tech
15,Gas Tech,Gas Tech
15,Gas Tech,Gas Tech
15,Gas Tech,Gas Tech
15,Gas Tech,Gas Tech
15,Gas Tech,Gas Tech
15,Gas Tech,Gas Tech
15,Gas Tech,Gas Tech
15,Gas Tech,Gas Tech
15,Gas Tech,Gas Tech
15,Gas Tech,Gas Tech
15,Gas Tech,Gas Tech
15,Gas Tech,Gas Tech
15,Gas Tech,Gas Tech
15,Gas Tech,Gas Tech
15,Gas Tech,Gas Tech
15,Gas Tech,Gas Tech
15,Gas Tech,Gas Tech
15,Gas Tech,Gas Tech
15,Gas Tech,Gas Tech
15,Gas Tech,Gas Tech
28,Ahaggo Museum,U-Pump
28,U-Pump,Ouzeri Elian
28,Ouzeri Elian,Ouzeri Elian
28,Ouzeri Elian,Guy's Gyros
28,Guy's Gyros,Guy's Gyros
28,Guy's Gyros,Guy's Gyros
28,Guy's Gyros,Guy's Gyros
28,Guy's Gyros,Guy's Gyros
28,Guy's Gyros,Guy's Gyros
28,Guy's Gyros,Guy's Gyros
28,Guy's Gyros,Guy's Gyros
28,Guy's Gyros,Guy's Gyros
28,Guy's Gyros,Guy's Gyros
28,Guy's Gyros,Guy's Gyros
28,Guy's Gyros,Guy's Gyros
28,Guy's Gyros,Guy's Gyros
28,Guy's Gyros,Guy's Gyros
28,Guy's Gyros,Kronos Mart
28,Guy's Gyros,Kronos Mart
28,Guy's Gyros,Kronos Mart
28,Guy's Gyros,Kronos Mart
28,Guy's Gyros,Kronos Mart
28,Guy's Gyros,Kronos Mart
28,Guy's Gyros,Kronos Mart
28,Guy's Gyros,Kronos Mart
28,Guy's Gyros,Kronos Mart
28,Guy's Gyros,Kronos Mart
28,Guy's Gyros,Kronos Mart
28,Guy's Gyros,Kronos Mart
28,Guy's Gyros,Kronos Mart
28,Guy's Gyros,Kronos Mart
28,Guy's Gyros,Kronos Mart
28,Guy's Gyros,Kronos Mart
28,Guy's Gyros,Kronos Mart
28,Guy's Gyros,Kronos Mart
28,Guy's Gyros,Kronos Mart
28,Guy's Gyros,Kronos Mart
28,Guy's Gyros,Kronos Mart
28,Guy's Gyros,Kronos Mart
28,Guy's Gyros,Kronos Mart
28,Guy's Gyros,Kronos Mart
28,Guy's Gyros,Kronos Mart
28,Guy's Gyros,Kronos Mart
28,Guy's Gyros,Kronos Mart
28,Guy's Gyros,Kronos Mart
28,Guy's Gyros,Kronos Mart
28,Guy's Gyros,Kronos Mart
28,Guy's Gyros,Kronos Mart
28,Guy's Gyros,Kronos Mart
28,Guy's Gyros,Kronos Mart
28,Guy's Gyros,Kronos Mart
28,Guy's Gyros,Kronos Mart
28,Guy's Gyros,Kronos Mart
28,Guy's Gyros,Kronos Mart
28,Guy's Gyros,Kronos Mart
28,Guy's Gyros,Kronos Mart
28,Guy's Gyros,Kronos Mart
28,Guy's Gyros,Kronos Mart
28,Guy's Gyros,Kronos Mart
28,Guy's Gyros,Kronos Mart
28,Guy's Gyros,Kronos Mart
28,Guy's Gyros,Kronos Mart
28,Guy's Gyros,Kronos Mart
28,Guy's Gyros,Kronos Mart
28,Guy's Gyros,Kronos Mart
28,Guy's Gyros,Kronos Mart
28,Guy's Gyros,Kronos Mart
28,Guy's Gyros,Kronos Mart
28,Guy's Gyros,Kronos Mart
28,Guy's Gyros,Kronos Mart
28,Guy's Gyros,Kronos Mart
5,Jack's Magical Beans,Jack's Magical Beans
5,Jack's Magical Beans,Gas Tech
5,Gas Tech,Gas Tech
5,Gas Tech,Gas Tech
5,Gas Tech,Gas Tech
5,Gas Tech,Gas Tech
5,Gas Tech,Gas Tech
5,Gas Tech,Gas Tech
5,Gas Tech,Gas Tech
5,Gas Tech,Gas Tech
5,Gas Tech,Gas Tech
5,Gas Tech,Gas Tech
5,Gas Tech,Gas Tech
5,Gas Tech,Gas Tech
5,Gas Tech,Gas Tech
5,Gas Tech,Gas Tech
5,Gas Tech,Gas Tech
5,Gas Tech,Gas Tech
5,Gas Tech,Gas Tech
5,Gas Tech,Gas Tech
5,Gas Tech,Gas Tech
5,Gas Tech,Gas Tech
5,Gas Tech,Gas Tech
5,Gas Tech,Gas Tech
5,Gas Tech,Gas Tech
5,Gas Tech,Gas Tech
5,Gas Tech,Gas Tech
5,Gas Tech,Gas Tech
5,Gas Tech,Gas Tech
5,Gas Tech,Gas Tech
5,Gas Tech,Gas Tech
5,Gas Tech,Gas Tech
5,Gas Tech,Gas Tech
5,Gas Tech,Gas Tech
5,Gas Tech,Gas Tech
5,Gas Tech,Gas Tech
5,Gas Tech,Gas Tech
5,Gas Tech,Gas Tech
5,Gas Tech,Gas Tech
5,Gas Tech,Gas Tech
5,Gas Tech,Gas Tech
5,Gas Tech,Gas Tech
5,Gas Tech,Gas Tech
5,Gas Tech,Gas Tech
5,Gas Tech,Gas Tech
5,Gas Tech,Gas Tech
5,Gas Tech,Gas Tech
5,Gas Tech,Gas Tech
5,Gas Tech,Gas Tech
5,Gas Tech,Gas Tech
5,Gas Tech,Gas Tech
5,Gas Tech,Gas Tech
5,Gas Tech,Gas Tech
5,Gas Tech,Gas Tech
5,Gas Tech,Gas Tech
5,Gas Tech,Gas Tech
5,Gas Tech,Gas Tech
5,Gas Tech,Gas Tech
5,Gas Tech,Gas Tech
5,Gas Tech,Gas Tech
5,Gas Tech,Gas Tech
5,Gas Tech,Gas Tech
5,Gas Tech,Gas Tech
5,Gas Tech,Gas Tech
5,Gas Tech,Gas Tech
5,Gas Tech,Gas Tech
5,Gas Tech,Gas Tech
5,Gas Tech,Gas Tech
5,Gas Tech,Gas Tech
5,Gas Tech,Gas Tech
5,Gas Tech,Gas Tech
5,Gas Tech,Gas Tech
5,Gas Tech,Gas Tech
22,Guy's Gyros,Brew've Been Served
22,Brew've Been Served,Gas Tech
22,Gas Tech,Gas Tech
22,Gas Tech,Gas Tech
22,Gas Tech,Gas Tech
22,Gas Tech,Gas Tech
22,Gas Tech,Gas Tech
22,Gas Tech,Gas Tech
22,Gas Tech,Gas Tech
22,Gas Tech,Gas Tech
22,Gas Tech,Gas Tech
22,Gas Tech,Gas Tech
22,Gas Tech,Gas Tech
22,Gas Tech,Gas Tech
22,Gas Tech,Gas Tech
22,Gas Tech,Gas Tech
22,Gas Tech,Gas Tech
22,Gas Tech,Gas Tech
22,Gas Tech,Gas Tech
22,Gas Tech,Gas Tech
22,Gas Tech,Gas Tech
22,Gas Tech,Gas Tech
22,Gas Tech,Gas Tech
22,Gas Tech,Gas Tech
22,Gas Tech,Gas Tech
22,Gas Tech,Gas Tech
22,Gas Tech,Gas Tech
22,Gas Tech,Gas Tech
22,Gas Tech,Gas Tech
22,Gas Tech,Gas Tech
22,Gas Tech,Gas Tech
22,Gas Tech,Gas Tech
22,Gas Tech,Gas Tech
22,Gas Tech,Gas Tech
22,Gas Tech,Gas Tech
22,Gas Tech,Gas Tech
22,Gas Tech,Gas Tech
22,Gas Tech,Gas Tech
22,Gas Tech,Gas Tech
22,Gas Tech,Gas Tech
22,Gas Tech,Gas Tech
22,Gas Tech,Gas Tech
22,Gas Tech,Gas Tech
22,Gas Tech,Gas Tech
22,Gas Tech,Gas Tech
22,Gas Tech,Gas Tech
22,Gas Tech,Gas Tech
22,Gas Tech,Gas Tech
22,Gas Tech,Gas Tech
22,Gas Tech,Gas Tech
22,Gas Tech,Gas Tech
22,Gas Tech,Gas Tech
22,Gas Tech,Gas Tech
22,Gas Tech,Gas Tech
22,Gas Tech,Gas Tech
22,Gas Tech,Gas Tech
22,Gas Tech,Gas Tech
22,Gas Tech,Gas Tech
22,Gas Tech,Gas Tech
22,Gas Tech,Gas Tech
22,Gas Tech,Gas Tech
22,Gas Tech,Gas Tech
22,Gas Tech,Gas Tech
22,Gas Tech,Gas Tech
22,Gas Tech,Gas Tech
22,Gas Tech,Gas Tech
22,Gas Tech,Gas Tech
22,Gas Tech,Gas Tech
22,Gas Tech,Gas Tech
22,Gas Tech,Gas Tech
9,Bean There Done That,Gas Tech
9,Bean There Done That,Gas Tech
9,Bean There Done That,Gas Tech
9,Gas Tech,Gas Tech
9,Gas Tech,Gas Tech
9,Gas Tech,Gas Tech
9,Gas Tech,Gas Tech
9,Gas Tech,Gas Tech
9,Gas Tech,Gas Tech
9,Gas Tech,Gas Tech
9,Gas Tech,Gas Tech
9,Gas Tech,Gas Tech
9,Gas Tech,Gas Tech
9,Gas Tech,Gas Tech
9,Gas Tech,Gas Tech
9,Gas Tech,Gas Tech
9,Gas Tech,Gas Tech
9,Gas Tech,Gas Tech
9,Gas Tech,Gas Tech
9,Gas Tech,Gas Tech
9,Gas Tech,Gas Tech
9,Gas Tech,Gas Tech
9,Gas Tech,Gas Tech
9,Gas Tech,Gas Tech
9,Gas Tech,Gas Tech
9,Gas Tech,Gas Tech
9,Gas Tech,Gas Tech
9,Gas Tech,Gas Tech
9,Gas Tech,Gas Tech
9,Gas Tech,Gas Tech
9,Gas Tech,Gas Tech
9,Gas Tech,Gas Tech
9,Gas Tech,Gas Tech
9,Gas Tech,Gas Tech
9,Gas Tech,Gas Tech
9,Gas Tech,Gas Tech
9,Gas Tech,Gas Tech
9,Gas Tech,Gas Tech
9,Gas Tech,Gas Tech
9,Gas Tech,Gas Tech
9,Gas Tech,Gas Tech
9,Gas Tech,Gas Tech
9,Gas Tech,Gas Tech
9,Gas Tech,Gas Tech
9,Gas Tech,Gas Tech
9,Gas Tech,Gas Tech
9,Gas Tech,Gas Tech
9,Gas Tech,Gas Tech
9,Gas Tech,Gas Tech
9,Gas Tech,Gas Tech
9,Gas Tech,Gas Tech
9,Gas Tech,Gas Tech
9,Gas Tech,Gas Tech
9,Gas Tech,Gas Tech
9,Gas Tech,Gas Tech
9,Gas Tech,Gas Tech
9,Gas Tech,Gas Tech
9,Gas Tech,Gas Tech
9,Gas Tech,Gas Tech
9,Gas Tech,Gas Tech
9,Gas Tech,Gas Tech
9,Gas Tech,Gas Tech
9,Gas Tech,Gas Tech
9,Gas Tech,Gas Tech
9,Gas Tech,Gas Tech
9,Gas Tech,Gas Tech
9,Gas Tech,Gas Tech
9,Gas Tech,Gas Tech
9,Gas Tech,Gas Tech
9,Gas Tech,Gas Tech
9,Gas Tech,Gas Tech
31,Chostus Hotel,Hallowed Grounds
31,Chostus Hotel,Gas Tech
31,Gas Tech,Gas Tech
31,Gas Tech,Gas Tech
31,Gas Tech,Gas Tech
31,Gas Tech,Gas Tech
31,Gas Tech,Gas Tech
31,Gas Tech,Gas Tech
31,Gas Tech,Gas Tech
31,Gas Tech,Gas Tech
31,Gas Tech,Gas Tech
